"has_iep","enl_minutes_required","grade","enl_level","homeroom","last_name","student_id","iep_services","mtss_tier","first_name","testing_accommodations","status","id","created_date","updated_date","created_by_id","created_by","is_sample"
"false","360","K","entering","Room K-3","Ueda","PS101-K051","[]","tier_1","Ivan","[]","active","","","","","","false"
"false","0","K","none","Room K-3","Hartley","PS101-K052","[]","tier_1","Remy","[]","active","","","","","","false"
"false","0","K","none","Room K-3","Hamid","PS101-K053","[]","tier_1","Elio","[]","active","","","","","","false"
"false","360","K","emerging","Room K-3","Garza","PS101-K054","[]","tier_1","Esme","[]","active","","","","","","false"
"false","180","K","transitioning","Room K-3","Ochoa","PS101-K055","[]","tier_1","Milo","[]","active","","","","","","false"
"false","0","K","none","Room K-3","Rios","PS101-K056","[]","tier_1","Emeka","[]","active","","","","","","false"
"true","180","K","transitioning","Room K-3","Lopez","PS101-K057","[{""group_size"":3,""service_type"":""OT"",""provider"":""M. Castillo"",""frequency"":""1x/week""},{""group_size"":2,""service_type"":""PT"",""provider"":""C. Vega"",""frequency"":""2x/week""}]","tier_3","Luca","[]","active","","","","","","false"
"false","180","K","transitioning","Room K-3","Ueda","PS101-K058","[]","tier_1","Aaliyah","[]","active","","","","","","false"
"false","0","K","none","Room K-3","Adeyemi","PS101-K059","[]","tier_1","Flora","[]","active","","","","","","false"
"false","0","K","none","Room K-3","Espinoza","PS101-K060","[]","tier_1","Ezra","[]","active","","","","","","false"
"false","0","K","none","Room K-3","Bishop","PS101-K061","[]","tier_1","Felix","[]","active","","","","","","false"
"false","0","K","none","Room K-3","Ochoa","PS101-K062","[]","tier_1","Yusuf","[]","active","","","","","","false"
"false","0","K","none","Room K-3","Whitaker","PS101-K063","[]","tier_1","Chidi","[]","active","","","","","","false"
"false","0","K","none","Room K-3","Boateng","PS101-K064","[]","tier_1","Dalia","[]","active","","","","","","false"
"false","360","K","entering","Room K-3","Bishop","PS101-K065","[]","tier_1","Ari","[]","active","","","","","","false"
"false","0","K","none","Room K-3","Sokolov","PS101-K066","[]","tier_1","Valeria","[]","active","","","","","","false"
"false","0","K","none","Room K-3","Trinh","PS101-K067","[]","tier_1","Wren","[]","active","","","","","","false"
"true","0","K","none","Room K-3","Goldberg","PS101-K068","[{""group_size"":2,""service_type"":""OT"",""provider"":""M. Castillo"",""frequency"":""2x/week""},{""group_size"":3,""service_type"":""Speech"",""provider"":""J. Torres"",""frequency"":""2x/week""},{""group_size"":5,""service_type"":""SETSS"",""provider"":""E. Petrova"",""frequency"":""3x/week""}]","tier_3","Cyrus","[{""details"":null,""accommodation_type"":""extended_time""},{""details"":null,""accommodation_type"":""breaks""},{""details"":null,""accommodation_type"":""separate_location""}]","active","","","","","","false"
"true","0","K","none","Room K-3","Jansen","PS101-K069","[{""group_size"":4,""service_type"":""Speech"",""provider"":""G. Holloway"",""frequency"":""2x/week""}]","tier_2","Cassius","[{""details"":null,""accommodation_type"":""extended_time""},{""details"":null,""accommodation_type"":""read_aloud""},{""details"":null,""accommodation_type"":""separate_location""}]","active","","","","","","false"
"false","0","K","none","Room K-3","Ramsey","PS101-K070","[]","tier_1","Sami","[]","active","","","","","","false"
"false","0","K","none","Room K-3","Bailey","PS101-K071","[]","tier_1","Noor","[]","active","","","","","","false"
"false","0","K","none","Room K-3","Valdez","PS101-K072","[]","tier_1","Farah","[]","active","","","","","","false"
"false","0","K","none","Room K-3","Mahmoud","PS101-K073","[]","tier_2","Milo","[]","active","","","","","","false"
"false","0","K","none","Room K-3","Novak","PS101-K074","[]","tier_2","Fiona","[]","active","","","","","","false"
"false","0","K","none","Room K-3","Banerjee","PS101-K075","[]","tier_1","Kalani","[]","active","","","","","","false"
"false","0","1","none","Room 101C","Ellison","PS101-1051","[]","tier_1","Bianca","[]","active","","","","","","false"
"false","0","1","none","Room 101C","Goldberg","PS101-1052","[]","tier_1","Levi","[]","active","","","","","","false"
"false","0","1","none","Room 101C","Zamora","PS101-1053","[]","tier_1","Jada","[]","active","","","","","","false"
"false","0","1","none","Room 101C","Trinh","PS101-1054","[]","tier_1","Brooks","[]","active","","","","","","false"
"true","0","1","none","Room 101C","Lopez","PS101-1055","[{""group_size"":5,""service_type"":""SETSS"",""provider"":""M. Thompson"",""frequency"":""3x/week""},{""group_size"":2,""service_type"":""OT"",""provider"":""M. Castillo"",""frequency"":""2x/week""},{""group_size"":4,""service_type"":""Counseling"",""provider"":""T. Brooks"",""frequency"":""2x/week""}]","tier_3","Thea","[{""details"":null,""accommodation_type"":""extended_time""},{""details"":null,""accommodation_type"":""read_aloud""},{""details"":null,""accommodation_type"":""separate_location""}]","active","","","","","","false"
"false","360","1","entering","Room 101C","Barrera","PS101-1056","[]","tier_2","Rosa","[]","active","","","","","","false"
"true","0","1","none","Room 101C","Kowalski","PS101-1057","[{""group_size"":5,""service_type"":""SETSS"",""provider"":""M. Thompson"",""frequency"":""5x/week""},{""group_size"":2,""service_type"":""Speech"",""provider"":""O. Haddad"",""frequency"":""3x/week""},{""group_size"":4,""service_type"":""Counseling"",""provider"":""T. Brooks"",""frequency"":""1x/week""}]","tier_2","Tariq","[{""details"":null,""accommodation_type"":""extended_time""},{""details"":null,""accommodation_type"":""scribe""}]","active","","","","","","false"
"false","90","1","expanding","Room 101C","Abbott","PS101-1058","[]","tier_1","Ezra","[]","active","","","","","","false"
"false","360","1","entering","Room 101C","Calderon","PS101-1059","[]","tier_1","Flora","[]","active","","","","","","false"
"false","360","1","emerging","Room 101C","Farrell","PS101-1060","[]","tier_2","Dante","[]","active","","","","","","false"
"false","0","1","none","Room 101C","Garza","PS101-1061","[]","tier_1","Elio","[]","active","","","","","","false"
"false","0","1","none","Room 101C","Zhou","PS101-1062","[]","tier_1","Dante","[]","active","","","","","","false"
"false","0","1","none","Room 101C","Zamora","PS101-1063","[]","tier_1","Tobias","[]","active","","","","","","false"
"false","0","1","none","Room 101C","Acosta","PS101-1064","[]","tier_2","Mila","[]","active","","","","","","false"
"false","0","1","none","Room 101C","Vu","PS101-1065","[]","tier_1","Brooks","[]","active","","","","","","false"
"false","0","1","none","Room 101C","Tan","PS101-1066","[]","tier_1","Alana","[]","active","","","","","","false"
"false","0","1","none","Room 101C","Cardenas","PS101-1067","[]","tier_1","Rhea","[]","active","","","","","","false"
"false","360","1","entering","Room 101C","Barrera","PS101-1068","[]","tier_1","Caleb","[]","active","","","","","","false"
"false","0","1","none","Room 101C","Chang","PS101-1069","[]","tier_1","Amara","[]","active","","","","","","false"
"false","0","1","none","Room 101C","Quintero","PS101-1070","[]","tier_1","Yara","[]","active","","","","","","false"
"false","0","1","none","Room 101C","Navarro","PS101-1071","[]","tier_1","Flora","[]","active","","","","","","false"
"true","0","1","none","Room 101C","Ibarra","PS101-1072","[{""group_size"":4,""service_type"":""SETSS"",""provider"":""E. Petrova"",""frequency"":""4x/week""},{""group_size"":3,""service_type"":""OT"",""provider"":""B. Kim"",""frequency"":""2x/week""},{""group_size"":1,""service_type"":""PT"",""provider"":""C. Vega"",""frequency"":""2x/week""}]","tier_2","Juniper","[{""details"":null,""accommodation_type"":""extended_time""}]","active","","","","","","false"
"false","0","1","none","Room 101C","Boateng","PS101-1073","[]","tier_1","Gideon","[]","active","","","","","","false"
"false","0","1","none","Room 101C","Diallo","PS101-1074","[]","tier_2","Jonah","[]","active","","","","","","false"
"false","0","1","none","Room 101C","Pacheco","PS101-1075","[]","tier_2","Yara","[]","active","","","","","","false"
"false","0","2","none","Room 201C","Trinh","PS101-2051","[]","tier_1","Amara","[]","active","","","","","","false"
"false","0","2","none","Room 201C","Adeyemi","PS101-2052","[]","tier_2","Sofia","[]","active","","","","","","false"
"false","360","2","entering","Room 201C","Quintero","PS101-2053","[]","tier_1","Alana","[]","active","","","","","","false"
"false","360","2","emerging","Room 201C","Pham","PS101-2054","[]","tier_3","Aaliyah","[]","active","","","","","","false"
"false","0","2","none","Room 201C","Gallagher","PS101-2055","[]","tier_1","Bea","[]","active","","","","","","false"
"false","0","2","none","Room 201C","Sokolov","PS101-2056","[]","tier_3","Zion","[]","active","","","","","","false"
"false","0","2","none","Room 201C","Hamid","PS101-2057","[]","tier_1","Yusuf","[]","active","","","","","","false"
"false","0","2","none","Room 201C","Duarte","PS101-2058","[]","tier_1","Kai","[]","active","","","","","","false"
"true","0","2","none","Room 201C","Lopez","PS101-2059","[{""group_size"":2,""service_type"":""Speech"",""provider"":""O. Haddad"",""frequency"":""2x/week""}]","tier_3","Malik","[{""details"":null,""accommodation_type"":""extended_time""},{""details"":null,""accommodation_type"":""separate_location""},{""details"":null,""accommodation_type"":""scribe""}]","active","","","","","","false"
"false","0","2","none","Room 201C","Pacheco","PS101-2060","[]","tier_1","Lila","[]","active","","","","","","false"
"false","0","2","none","Room 201C","Iqbal","PS101-2061","[]","tier_1","Mae","[]","active","","","","","","false"
"false","0","2","none","Room 201C","Bishop","PS101-2062","[]","tier_1","Zion","[]","active","","","","","","false"
"false","0","2","none","Room 201C","Chang","PS101-2063","[]","tier_1","Mae","[]","active","","","","","","false"
"false","0","2","none","Room 201C","Trinh","PS101-2064","[]","tier_1","Thea","[]","active","","","","","","false"
"true","0","2","none","Room 201C","Ferreira","PS101-2065","[{""group_size"":3,""service_type"":""OT"",""provider"":""B. Kim"",""frequency"":""1x/week""},{""group_size"":4,""service_type"":""Counseling"",""provider"":""T. Brooks"",""frequency"":""1x/week""}]","tier_3","Jonah","[{""details"":null,""accommodation_type"":""extended_time""}]","active","","","","","","false"
"false","0","2","none","Room 201C","Farrell","PS101-2066","[]","tier_1","Xavier","[]","active","","","","","","false"
"false","0","2","none","Room 201C","Boateng","PS101-2067","[]","tier_2","Fiona","[]","active","","","","","","false"
"false","180","2","transitioning","Room 201C","Cardenas","PS101-2068","[]","tier_1","Enzo","[]","active","","","","","","false"
"false","360","2","entering","Room 201C","Valdez","PS101-2069","[]","tier_1","Dante","[]","active","","","","","","false"
"true","360","2","emerging","Room 201C","Maddox","PS101-2070","[{""group_size"":5,""service_type"":""SETSS"",""provider"":""E. Petrova"",""frequency"":""3x/week""},{""group_size"":3,""service_type"":""Counseling"",""provider"":""D. Ortiz"",""frequency"":""1x/week""}]","tier_3","Mara","[{""details"":null,""accommodation_type"":""extended_time""},{""details"":null,""accommodation_type"":""breaks""},{""details"":null,""accommodation_type"":""read_aloud""},{""details"":null,""accommodation_type"":""bilingual_glossary""}]","active","","","","","","false"
"false","0","2","none","Room 201C","Abbott","PS101-2071","[]","tier_1","Aaliyah","[]","active","","","","","","false"
"false","0","2","none","Room 201C","Hoang","PS101-2072","[]","tier_1","Farah","[]","active","","","","","","false"
"false","90","2","expanding","Room 201C","Sato","PS101-2073","[]","tier_2","Yara","[]","active","","","","","","false"
"false","0","2","none","Room 201C","Ellison","PS101-2074","[]","tier_1","Hugo","[]","active","","","","","","false"
"false","0","2","none","Room 201C","Quintero","PS101-2075","[]","tier_1","Isla","[]","active","","","","","","false"
"false","0","3","none","Room 301C","Farrell","PS101-3051","[]","tier_1","Flora","[]","active","","","","","","false"
"false","360","3","entering","Room 301C","Pham","PS101-3052","[]","tier_1","Abel","[]","active","","","","","","false"
"false","0","3","none","Room 301C","Gallagher","PS101-3053","[]","tier_1","Dorian","[]","active","","","","","","false"
"false","360","3","emerging","Room 301C","Gonzaga","PS101-3054","[]","tier_1","Oscar","[]","active","","","","","","false"
"false","0","3","none","Room 301C","Ramsey","PS101-3055","[]","tier_1","Tobias","[]","active","","","","","","false"
"false","0","3","none","Room 301C","Diallo","PS101-3056","[]","tier_1","Cyrus","[]","active","","","","","","false"
"false","0","3","none","Room 301C","Obi","PS101-3057","[]","tier_1","Amara","[]","active","","","","","","false"
"false","0","3","none","Room 301C","Maddox","PS101-3058","[]","tier_1","Desmond","[]","active","","","","","","false"
"false","0","3","none","Room 301C","Quintero","PS101-3059","[]","tier_1","Alden","[]","active","","","","","","false"
"true","0","3","none","Room 301C","Boateng","PS101-3060","[{""group_size"":4,""service_type"":""SETSS"",""provider"":""M. Thompson"",""frequency"":""4x/week""},{""group_size"":2,""service_type"":""PT"",""provider"":""C. Vega"",""frequency"":""2x/week""}]","tier_2","Delia","[{""details"":null,""accommodation_type"":""extended_time""},{""details"":null,""accommodation_type"":""breaks""}]","active","","","","","","false"
"false","0","3","none","Room 301C","Sokolov","PS101-3061","[]","tier_2","Keira","[]","active","","","","","","false"
"false","0","3","none","Room 301C","Novak","PS101-3062","[]","tier_2","Valeria","[]","active","","","","","","false"
"false","0","3","none","Room 301C","Novak","PS101-3063","[]","tier_2","Jada","[]","active","","","","","","false"
"true","0","3","none","Room 301C","Calloway","PS101-3064","[{""group_size"":3,""service_type"":""Speech"",""provider"":""J. Torres"",""frequency"":""2x/week""},{""group_size"":1,""service_type"":""PT"",""provider"":""C. Vega"",""frequency"":""2x/week""},{""group_size"":5,""service_type"":""SETSS"",""provider"":""M. Thompson"",""frequency"":""5x/week""}]","tier_3","Amara","[{""details"":null,""accommodation_type"":""extended_time""}]","active","","","","","","false"
"false","0","3","none","Room 301C","Alvarez","PS101-3065","[]","tier_1","Uma","[]","active","","","","","","false"
"false","0","3","none","Room 301C","Mahmoud","PS101-3066","[]","tier_1","Tariq","[]","active","","","","","","false"
"true","0","3","none","Room 301C","Ellison","PS101-3067","[{""group_size"":2,""service_type"":""OT"",""provider"":""B. Kim"",""frequency"":""2x/week""},{""group_size"":4,""service_type"":""Counseling"",""provider"":""T. Brooks"",""frequency"":""1x/week""}]","tier_2","Imani","[{""details"":null,""accommodation_type"":""extended_time""},{""details"":null,""accommodation_type"":""read_aloud""}]","active","","","","","","false"
"false","360","3","entering","Room 301C","Maddox","PS101-3068","[]","tier_1","Tobias","[]","active","","","","","","false"
"false","360","3","entering","Room 301C","Novak","PS101-3069","[]","tier_1","Cassius","[]","active","","","","","","false"
"false","0","3","none","Room 301C","Ambrose","PS101-3070","[]","tier_1","Valeria","[]","active","","","","","","false"
"false","360","3","entering","Room 301C","Rios","PS101-3071","[]","tier_1","Paloma","[]","active","","","","","","false"
"false","0","3","none","Room 301C","Rios","PS101-3072","[]","tier_1","Aurora","[]","active","","","","","","false"
"false","0","3","none","Room 301C","Navarro","PS101-3073","[]","tier_1","Xavier","[]","active","","","","","","false"
"false","0","3","none","Room 301C","Kaur","PS101-3074","[]","tier_1","Bea","[]","active","","","","","","false"
"false","0","3","none","Room 301C","Bose","PS101-3075","[]","tier_1","Yara","[]","active","","","","","","false"
"false","0","4","none","Room 401C","Calloway","PS101-4051","[]","tier_1","Beckett","[]","active","","","","","","false"
"false","360","4","emerging","Room 401C","Lam","PS101-4052","[]","tier_1","Mila","[]","active","","","","","","false"
"false","0","4","none","Room 401C","Bose","PS101-4053","[]","tier_2","Luca","[]","active","","","","","","false"
"false","360","4","entering","Room 401C","Farrell","PS101-4054","[]","tier_1","Ibrahim","[]","active","","","","","","false"
"false","360","4","entering","Room 401C","Kowalski","PS101-4055","[]","tier_2","Selah","[]","active","","","","","","false"
"true","0","4","none","Room 401C","Gallagher","PS101-4056","[{""group_size"":3,""service_type"":""OT"",""provider"":""B. Kim"",""frequency"":""1x/week""}]","tier_3","Wren","[{""details"":null,""accommodation_type"":""extended_time""},{""details"":null,""accommodation_type"":""assistive_technology""}]","active","","","","","","false"
"false","180","4","transitioning","Room 401C","Dimitrov","PS101-4057","[]","tier_1","Alana","[]","active","","","","","","false"
"true","360","4","emerging","Room 401C","Quintero","PS101-4058","[{""group_size"":4,""service_type"":""SETSS"",""provider"":""M. Thompson"",""frequency"":""5x/week""},{""group_size"":1,""service_type"":""PT"",""provider"":""C. Vega"",""frequency"":""1x/week""},{""group_size"":5,""service_type"":""Counseling"",""provider"":""D. Ortiz"",""frequency"":""1x/week""}]","tier_3","Ari","[{""details"":null,""accommodation_type"":""extended_time""},{""details"":null,""accommodation_type"":""breaks""},{""details"":null,""accommodation_type"":""scribe""},{""details"":null,""accommodation_type"":""bilingual_glossary""}]","active","","","","","","false"
"false","360","4","entering","Room 401C","Gallagher","PS101-4059","[]","tier_1","Bianca","[]","active","","","","","","false"
"false","360","4","entering","Room 401C","Hartley","PS101-4060","[]","tier_2","Delia","[]","active","","","","","","false"
"false","360","4","emerging","Room 401C","Abbott","PS101-4061","[]","tier_1","Yara","[]","active","","","","","","false"
"false","360","4","entering","Room 401C","Vu","PS101-4062","[]","tier_1","Emeka","[]","active","","","","","","false"
"false","0","4","none","Room 401C","Iqbal","PS101-4063","[]","tier_1","Eden","[]","active","","","","","","false"
"false","0","4","none","Room 401C","Ochoa","PS101-4064","[]","tier_1","Beckett","[]","active","","","","","","false"
"false","360","4","entering","Room 401C","Flores","PS101-4065","[]","tier_1","Gael","[]","active","","","","","","false"
"true","0","4","none","Room 401C","Kowalski","PS101-4066","[{""group_size"":4,""service_type"":""SETSS"",""provider"":""M. Thompson"",""frequency"":""3x/week""}]","tier_3","Dalia","[{""details"":null,""accommodation_type"":""extended_time""}]","active","","","","","","false"
"false","0","4","none","Room 401C","Ramsey","PS101-4067","[]","tier_2","Xavier","[]","active","","","","","","false"
"false","0","4","none","Room 401C","Banerjee","PS101-4068","[]","tier_1","Sami","[]","active","","","","","","false"
"false","0","4","none","Room 401C","Diallo","PS101-4069","[]","tier_1","Xavier","[]","active","","","","","","false"
"false","0","4","none","Room 401C","Keller","PS101-4070","[]","tier_1","Leo","[]","active","","","","","","false"
"false","0","4","none","Room 401C","Navarro","PS101-4071","[]","tier_1","Malik","[]","active","","","","","","false"
"false","0","4","none","Room 401C","Ibarra","PS101-4072","[]","tier_1","Lena","[]","active","","","","","","false"
"false","0","4","none","Room 401C","Sokolov","PS101-4073","[]","tier_1","Rowan","[]","active","","","","","","false"
"false","0","4","none","Room 401C","Ambrose","PS101-4074","[]","tier_2","Sofia","[]","active","","","","","","false"
"false","360","4","emerging","Room 401C","Ambrose","PS101-4075","[]","tier_1","Delia","[]","active","","","","","","false"
"false","0","5","none","Room 501C","Kowalski","PS101-5051","[]","tier_1","Lila","[]","active","","","","","","false"
"false","0","5","none","Room 501C","Sato","PS101-5052","[]","tier_1","Enzo","[]","active","","","","","","false"
"false","0","5","none","Room 501C","Adeyemi","PS101-5053","[]","tier_1","Imani","[]","active","","","","","","false"
"true","0","5","none","Room 501C","Chowdhury","PS101-5054","[{""group_size"":3,""service_type"":""OT"",""provider"":""M. Castillo"",""frequency"":""1x/week""},{""group_size"":4,""service_type"":""Speech"",""provider"":""J. Torres"",""frequency"":""2x/week""},{""group_size"":2,""service_type"":""PT"",""provider"":""C. Vega"",""frequency"":""2x/week""}]","tier_2","Elise","[{""details"":null,""accommodation_type"":""extended_time""},{""details"":null,""accommodation_type"":""separate_location""},{""details"":null,""accommodation_type"":""breaks""}]","active","","","","","","false"
"false","0","5","none","Room 501C","Acosta","PS101-5055","[]","tier_1","Luca","[]","active","","","","","","false"
"false","0","5","none","Room 501C","Lam","PS101-5056","[]","tier_1","Kai","[]","active","","","","","","false"
"false","0","5","none","Room 501C","Lam","PS101-5057","[]","tier_1","Bea","[]","active","","","","","","false"
"false","360","5","entering","Room 501C","Whitaker","PS101-5058","[]","tier_3","Dalia","[]","active","","","","","","false"
"false","0","5","none","Room 501C","Kaur","PS101-5059","[]","tier_1","Jada","[]","active","","","","","","false"
"true","180","5","transitioning","Room 501C","Bishop","PS101-5060","[{""group_size"":3,""service_type"":""Speech"",""provider"":""O. Haddad"",""frequency"":""3x/week""},{""group_size"":3,""service_type"":""OT"",""provider"":""B. Kim"",""frequency"":""2x/week""},{""group_size"":5,""service_type"":""SETSS"",""provider"":""M. Thompson"",""frequency"":""3x/week""}]","tier_3","Mara","[{""details"":null,""accommodation_type"":""extended_time""},{""details"":null,""accommodation_type"":""scribe""},{""details"":null,""accommodation_type"":""bilingual_glossary""}]","active","","","","","","false"
"false","360","5","entering","Room 501C","Chang","PS101-5061","[]","tier_1","Luca","[]","active","","","","","","false"
"false","0","5","none","Room 501C","Pacheco","PS101-5062","[]","tier_1","Hana","[]","active","","","","","","false"
"false","0","5","none","Room 501C","Flores","PS101-5063","[]","tier_1","Malik","[]","active","","","","","","false"
"false","0","5","none","Room 501C","Coleman","PS101-5064","[]","tier_1","Tariq","[]","active","","","","","","false"
"false","0","5","none","Room 501C","Dimitrov","PS101-5065","[]","tier_1","Nina","[]","active","","","","","","false"
"false","0","5","none","Room 501C","Maddox","PS101-5066","[]","tier_2","Esme","[]","active","","","","","","false"
"false","0","5","none","Room 501C","Bailey","PS101-5067","[]","tier_1","Nadia","[]","active","","","","","","false"
"true","0","5","none","Room 501C","Hartley","PS101-5068","[{""group_size"":3,""service_type"":""Speech"",""provider"":""G. Holloway"",""frequency"":""3x/week""},{""group_size"":2,""service_type"":""PT"",""provider"":""C. Vega"",""frequency"":""2x/week""}]","tier_3","Hugo","[{""details"":null,""accommodation_type"":""extended_time""},{""details"":null,""accommodation_type"":""assistive_technology""},{""details"":null,""accommodation_type"":""scribe""}]","active","","","","","","false"
"false","0","5","none","Room 501C","Serrano","PS101-5069","[]","tier_1","Cassius","[]","active","","","","","","false"
"false","0","5","none","Room 501C","Ramsey","PS101-5070","[]","tier_1","Maya","[]","active","","","","","","false"
"false","0","5","none","Room 501C","Boateng","PS101-5071","[]","tier_2","Amelie","[]","active","","","","","","false"
"false","360","5","entering","Room 501C","Abbott","PS101-5072","[]","tier_1","Beckett","[]","active","","","","","","false"
"false","0","5","none","Room 501C","Hartley","PS101-5073","[]","tier_1","Mae","[]","active","","","","","","false"
"false","360","5","entering","Room 501C","Hartley","PS101-5074","[]","tier_1","Aaliyah","[]","active","","","","","","false"
"false","0","5","none","Room 501C","Jansen","PS101-5075","[]","tier_1","Mara","[]","active","","","","","","false"
