has_iep,enl_minutes_required,grade,enl_level,homeroom,last_name,student_id,iep_services,mtss_tier,first_name,testing_accommodations,status,id,created_date,updated_date,created_by_id,created_by,is_sample
"false","0","5","none","Room 501A","Howell","PS101-5026","[]","tier_1","Arlo","[]","active","69fc978a098a9219c1d5a9e9","2026-05-07T13:45:46.906000","2026-05-07T13:45:46.906000","69fa0215ff3c784069cea5aa","gauravmehra1984@gmail.com","false"
"false","360","5","entering","Room 501B","Vargas","PS101-5027","[]","tier_1","Bram","[]","active","69fc978a098a9219c1d5a9ea","2026-05-07T13:45:46.906000","2026-05-07T13:45:46.906000","69fa0215ff3c784069cea5aa","gauravmehra1984@gmail.com","false"
"false","0","5","none","Room 501A","Buckley","PS101-5028","[]","tier_2","Cleo","[]","active","69fc978a098a9219c1d5a9eb","2026-05-07T13:45:46.906000","2026-06-01T17:42:39.903000","69fa0215ff3c784069cea5aa","gauravmehra1984@gmail.com","false"
"false","0","5","none","Room 501B","Rocha","PS101-5029","[]","tier_1","Dex","[]","active","69fc978a098a9219c1d5a9ec","2026-05-07T13:45:46.906000","2026-05-07T13:45:46.906000","69fa0215ff3c784069cea5aa","gauravmehra1984@gmail.com","false"
"true","360","5","emerging","Room 501A","Patton","PS101-5030","[]","tier_1","Ember","[]","active","69fc978a098a9219c1d5a9ed","2026-05-07T13:45:46.906000","2026-05-28T14:41:07.979000","69fa0215ff3c784069cea5aa","gauravmehra1984@gmail.com","false"
"false","0","5","none","Room 501B","Leon","PS101-5031","[]","tier_1","Fox","[]","active","69fc978a098a9219c1d5a9ee","2026-05-07T13:45:46.906000","2026-05-07T13:45:46.906000","69fa0215ff3c784069cea5aa","gauravmehra1984@gmail.com","false"
"false","0","5","none","Room 501A","Medina","PS101-5032","[]","tier_1","Gem","[]","active","69fc978a098a9219c1d5a9ef","2026-05-07T13:45:46.906000","2026-05-07T13:45:46.906000","69fa0215ff3c784069cea5aa","gauravmehra1984@gmail.com","false"
"false","360","5","entering","Room 501B","Thornton","PS101-5033","[]","tier_1","Haze","[]","active","69fc978a098a9219c1d5a9f0","2026-05-07T13:45:46.906000","2026-05-07T13:45:46.906000","69fa0215ff3c784069cea5aa","gauravmehra1984@gmail.com","false"
"false","0","5","none","Room 501A","Stanton","PS101-5034","[]","tier_1","Ione","[]","active","69fc978a098a9219c1d5a9f1","2026-05-07T13:45:46.906000","2026-05-07T13:45:46.906000","69fa0215ff3c784069cea5aa","gauravmehra1984@gmail.com","false"
"false","0","5","none","Room 501B","Meza","PS101-5035","[]","tier_1","Jax","[]","active","69fc978a098a9219c1d5a9f2","2026-05-07T13:45:46.906000","2026-05-07T13:45:46.906000","69fa0215ff3c784069cea5aa","gauravmehra1984@gmail.com","false"
"false","0","5","none","Room 501A","Salinas","PS101-5036","[]","tier_1","Kade","[]","active","69fc978a098a9219c1d5a9f3","2026-05-07T13:45:46.906000","2026-05-07T13:45:46.906000","69fa0215ff3c784069cea5aa","gauravmehra1984@gmail.com","false"
"false","0","5","none","Room 501B","Macias","PS101-5037","[]","tier_2","Lore","[]","active","69fc978a098a9219c1d5a9f4","2026-05-07T13:45:46.906000","2026-06-01T18:04:21.126000","69fa0215ff3c784069cea5aa","gauravmehra1984@gmail.com","false"
"false","0","5","none","Room 501A","Tapia","PS101-5038","[]","tier_1","Mica","[]","active","69fc978a098a9219c1d5a9f5","2026-05-07T13:45:46.906000","2026-05-07T13:45:46.906000","69fa0215ff3c784069cea5aa","gauravmehra1984@gmail.com","false"
"false","360","5","emerging","Room 501B","Moran","PS101-5039","[]","tier_1","Noel","[]","active","69fc978a098a9219c1d5a9f6","2026-05-07T13:45:46.906000","2026-05-07T13:45:46.906000","69fa0215ff3c784069cea5aa","gauravmehra1984@gmail.com","false"
"false","0","5","none","Room 501A","Zamora","PS101-5040","[]","tier_1","Onyx","[]","active","69fc978a098a9219c1d5a9f7","2026-05-07T13:45:46.906000","2026-05-07T13:45:46.906000","69fa0215ff3c784069cea5aa","gauravmehra1984@gmail.com","false"
"false","0","5","none","Room 501B","Dunn","PS101-5041","[]","tier_1","Page","[]","active","69fc978a098a9219c1d5a9f8","2026-05-07T13:45:46.906000","2026-05-07T13:45:46.906000","69fa0215ff3c784069cea5aa","gauravmehra1984@gmail.com","false"
"false","0","5","none","Room 501A","Parks","PS101-5042","[]","tier_1","Reef","[]","active","69fc978a098a9219c1d5a9f9","2026-05-07T13:45:46.906000","2026-05-07T13:45:46.906000","69fa0215ff3c784069cea5aa","gauravmehra1984@gmail.com","false"
"false","0","5","none","Room 501B","Barron","PS101-5043","[]","tier_1","Shea","[]","active","69fc978a098a9219c1d5a9fa","2026-05-07T13:45:46.906000","2026-05-07T13:45:46.906000","69fa0215ff3c784069cea5aa","gauravmehra1984@gmail.com","false"
"false","0","5","none","Room 501A","Holt","PS101-5044","[]","tier_2","Tove","[]","active","69fc978a098a9219c1d5a9fb","2026-05-07T13:45:46.906000","2026-05-07T13:45:46.906000","69fa0215ff3c784069cea5aa","gauravmehra1984@gmail.com","false"
"false","360","5","entering","Room 501B","Cervantes","PS101-5045","[]","tier_1","Ulva","[]","active","69fc978a098a9219c1d5a9fc","2026-05-07T13:45:46.906000","2026-05-15T18:56:29.499000","69fa0215ff3c784069cea5aa","gauravmehra1984@gmail.com","false"
"false","0","5","none","Room 501A","Montoya","PS101-5046","[]","tier_1","Vex","[]","active","69fc978a098a9219c1d5a9fd","2026-05-07T13:45:46.906000","2026-05-07T13:45:46.906000","69fa0215ff3c784069cea5aa","gauravmehra1984@gmail.com","false"
"false","0","5","none","Room 501B","Rangel","PS101-5047","[]","tier_1","Wes","[]","active","69fc978a098a9219c1d5a9fe","2026-05-07T13:45:46.906000","2026-05-07T13:45:46.906000","69fa0215ff3c784069cea5aa","gauravmehra1984@gmail.com","false"
"false","0","5","none","Room 501A","Galindo","PS101-5048","[]","tier_1","Xen","[]","active","69fc978a098a9219c1d5a9ff","2026-05-07T13:45:46.906000","2026-05-07T13:45:46.906000","69fa0215ff3c784069cea5aa","gauravmehra1984@gmail.com","false"
"false","0","5","none","Room 501B","Tanaka","PS101-5049","[]","tier_1","Yuki","[]","active","69fc978a098a9219c1d5aa00","2026-05-07T13:45:46.906000","2026-05-07T13:45:46.906000","69fa0215ff3c784069cea5aa","gauravmehra1984@gmail.com","false"
"false","0","5","none","Room 501A","Reyes","PS101-5050","[]","tier_1","Zion","[]","active","69fc978a098a9219c1d5aa01","2026-05-07T13:45:46.906000","2026-05-07T13:45:46.906000","69fa0215ff3c784069cea5aa","gauravmehra1984@gmail.com","false"
"false","0","3","none","Room 301A","Tran","PS101-3026","[]","tier_1","Abel","[]","active","69fc978a098a9219c1d5a9d0","2026-05-07T13:45:46.806000","2026-05-07T13:45:46.806000","69fa0215ff3c784069cea5aa","gauravmehra1984@gmail.com","false"
"false","360","3","entering","Room 301B","Hurst","PS101-3027","[]","tier_1","Blair","[]","active","69fc978a098a9219c1d5a9d1","2026-05-07T13:45:46.806000","2026-05-07T13:45:46.806000","69fa0215ff3c784069cea5aa","gauravmehra1984@gmail.com","false"
"false","0","3","none","Room 301A","Watts","PS101-3028","[]","tier_2","Cole","[]","active","69fc978a098a9219c1d5a9d2","2026-05-07T13:45:46.806000","2026-05-07T13:45:46.806000","69fa0215ff3c784069cea5aa","gauravmehra1984@gmail.com","false"
"false","0","3","none","Room 301B","Castillo","PS101-3029","[]","tier_1","Dove","[]","active","69fc978a098a9219c1d5a9d3","2026-05-07T13:45:46.806000","2026-05-07T13:45:46.806000","69fa0215ff3c784069cea5aa","gauravmehra1984@gmail.com","false"
"false","360","3","emerging","Room 301A","Soto","PS101-3030","[]","tier_1","Eli","[]","active","69fc978a098a9219c1d5a9d4","2026-05-07T13:45:46.806000","2026-05-07T13:45:46.806000","69fa0215ff3c784069cea5aa","gauravmehra1984@gmail.com","false"
"false","0","3","none","Room 301B","Ochoa","PS101-3031","[]","tier_1","Freya","[]","active","69fc978a098a9219c1d5a9d5","2026-05-07T13:45:46.806000","2026-05-07T13:45:46.806000","69fa0215ff3c784069cea5aa","gauravmehra1984@gmail.com","false"
"false","0","3","none","Room 301A","Avila","PS101-3032","[]","tier_1","Gio","[]","active","69fc978a098a9219c1d5a9d6","2026-05-07T13:45:46.806000","2026-05-07T13:45:46.806000","69fa0215ff3c784069cea5aa","gauravmehra1984@gmail.com","false"
"false","360","3","entering","Room 301B","Mora","PS101-3033","[]","tier_1","Harriet","[]","active","69fc978a098a9219c1d5a9d7","2026-05-07T13:45:46.806000","2026-05-07T13:45:46.806000","69fa0215ff3c784069cea5aa","gauravmehra1984@gmail.com","false"
"false","0","3","none","Room 301A","Chambers","PS101-3034","[]","tier_1","Ira","[]","active","69fc978a098a9219c1d5a9d8","2026-05-07T13:45:46.806000","2026-05-07T13:45:46.806000","69fa0215ff3c784069cea5aa","gauravmehra1984@gmail.com","false"
"false","0","3","none","Room 301B","Rojas","PS101-3035","[]","tier_1","Juno","[]","active","69fc978a098a9219c1d5a9d9","2026-05-07T13:45:46.806000","2026-05-07T13:45:46.806000","69fa0215ff3c784069cea5aa","gauravmehra1984@gmail.com","false"
"false","0","3","none","Room 301A","Nguyen","PS101-3036","[]","tier_1","Kace","[]","active","69fc978a098a9219c1d5a9da","2026-05-07T13:45:46.806000","2026-05-07T13:45:46.806000","69fa0215ff3c784069cea5aa","gauravmehra1984@gmail.com","false"
"false","0","3","none","Room 301B","Cabrera","PS101-3037","[]","tier_2","Lara","[]","active","69fc978a098a9219c1d5a9db","2026-05-07T13:45:46.806000","2026-05-07T13:45:46.806000","69fa0215ff3c784069cea5aa","gauravmehra1984@gmail.com","false"
"false","0","3","none","Room 301A","Trujillo","PS101-3038","[]","tier_1","Max","[]","active","69fc978a098a9219c1d5a9dc","2026-05-07T13:45:46.806000","2026-05-07T13:45:46.806000","69fa0215ff3c784069cea5aa","gauravmehra1984@gmail.com","false"
"false","360","3","emerging","Room 301B","Okonkwo","PS101-3039","[]","tier_1","Nyx","[]","active","69fc978a098a9219c1d5a9dd","2026-05-07T13:45:46.806000","2026-05-07T13:45:46.806000","69fa0215ff3c784069cea5aa","gauravmehra1984@gmail.com","false"
"false","0","3","none","Room 301A","Leal","PS101-3040","[]","tier_1","Otto","[]","active","69fc978a098a9219c1d5a9de","2026-05-07T13:45:46.806000","2026-05-07T13:45:46.806000","69fa0215ff3c784069cea5aa","gauravmehra1984@gmail.com","false"
"false","0","3","none","Room 301B","Zuniga","PS101-3041","[]","tier_1","Pearl","[]","active","69fc978a098a9219c1d5a9df","2026-05-07T13:45:46.806000","2026-05-07T13:45:46.806000","69fa0215ff3c784069cea5aa","gauravmehra1984@gmail.com","false"
"false","0","3","none","Room 301A","Figueroa","PS101-3042","[]","tier_1","Quin","[]","active","69fc978a098a9219c1d5a9e0","2026-05-07T13:45:46.806000","2026-05-07T13:45:46.806000","69fa0215ff3c784069cea5aa","gauravmehra1984@gmail.com","false"
"false","0","3","none","Room 301B","Acevedo","PS101-3043","[]","tier_1","Reed","[]","active","69fc978a098a9219c1d5a9e1","2026-05-07T13:45:46.806000","2026-05-07T13:45:46.806000","69fa0215ff3c784069cea5aa","gauravmehra1984@gmail.com","false"
"false","0","3","none","Room 301A","Serrano","PS101-3044","[]","tier_2","Sloane","[]","active","69fc978a098a9219c1d5a9e2","2026-05-07T13:45:46.806000","2026-05-07T13:45:46.806000","69fa0215ff3c784069cea5aa","gauravmehra1984@gmail.com","false"
"false","360","3","entering","Room 301B","Ruiz","PS101-3045","[]","tier_1","Theo","[]","active","69fc978a098a9219c1d5a9e3","2026-05-07T13:45:46.806000","2026-05-07T13:45:46.806000","69fa0215ff3c784069cea5aa","gauravmehra1984@gmail.com","false"
"false","0","3","none","Room 301A","Cantu","PS101-3046","[]","tier_1","Uri","[]","active","69fc978a098a9219c1d5a9e4","2026-05-07T13:45:46.806000","2026-05-07T13:45:46.806000","69fa0215ff3c784069cea5aa","gauravmehra1984@gmail.com","false"
"false","0","3","none","Room 301B","Chavez","PS101-3047","[]","tier_1","Vada","[]","active","69fc978a098a9219c1d5a9e5","2026-05-07T13:45:46.806000","2026-05-07T13:45:46.806000","69fa0215ff3c784069cea5aa","gauravmehra1984@gmail.com","false"
"false","0","3","none","Room 301A","Deleon","PS101-3048","[]","tier_1","Wade","[]","active","69fc978a098a9219c1d5a9e6","2026-05-07T13:45:46.806000","2026-05-07T13:45:46.806000","69fa0215ff3c784069cea5aa","gauravmehra1984@gmail.com","false"
"false","0","3","none","Room 301B","Esquivel","PS101-3049","[]","tier_1","Xio","[]","active","69fc978a098a9219c1d5a9e7","2026-05-07T13:45:46.806000","2026-05-07T13:45:46.806000","69fa0215ff3c784069cea5aa","gauravmehra1984@gmail.com","false"
"false","0","3","none","Room 301A","Ferreira","PS101-3050","[]","tier_1","Yani","[]","active","69fc978a098a9219c1d5a9e8","2026-05-07T13:45:46.806000","2026-05-07T13:45:46.806000","69fa0215ff3c784069cea5aa","gauravmehra1984@gmail.com","false"
"false","0","4","none","Room 401A","Garrett","PS101-4026","[]","tier_1","Ace","[]","active","69fc978a098a9219c1d5a9b7","2026-05-07T13:45:46.707000","2026-05-07T13:45:46.707000","69fa0215ff3c784069cea5aa","gauravmehra1984@gmail.com","false"
"false","360","4","entering","Room 401B","Nolan","PS101-4027","[]","tier_1","Bex","[]","active","69fc978a098a9219c1d5a9b8","2026-05-07T13:45:46.707000","2026-05-07T13:45:46.707000","69fa0215ff3c784069cea5aa","gauravmehra1984@gmail.com","false"
"false","0","4","none","Room 401A","Hoffman","PS101-4028","[]","tier_2","Crew","[]","active","69fc978a098a9219c1d5a9b9","2026-05-07T13:45:46.707000","2026-05-07T13:45:46.707000","69fa0215ff3c784069cea5aa","gauravmehra1984@gmail.com","false"
"false","0","4","none","Room 401B","Pittman","PS101-4029","[]","tier_1","Dawn","[]","active","69fc978a098a9219c1d5a9ba","2026-05-07T13:45:46.707000","2026-05-07T13:45:46.707000","69fa0215ff3c784069cea5aa","gauravmehra1984@gmail.com","false"
"false","360","4","emerging","Room 401A","Lindsey","PS101-4030","[]","tier_1","Ezra","[]","active","69fc978a098a9219c1d5a9bb","2026-05-07T13:45:46.707000","2026-05-07T13:45:46.707000","69fa0215ff3c784069cea5aa","gauravmehra1984@gmail.com","false"
"false","0","4","none","Room 401B","Mcbride","PS101-4031","[]","tier_1","Fern","[]","active","69fc978a098a9219c1d5a9bc","2026-05-07T13:45:46.707000","2026-05-07T13:45:46.707000","69fa0215ff3c784069cea5aa","gauravmehra1984@gmail.com","false"
"false","0","4","none","Room 401A","Harrington","PS101-4032","[]","tier_1","Grey","[]","active","69fc978a098a9219c1d5a9bd","2026-05-07T13:45:46.707000","2026-05-07T13:45:46.707000","69fa0215ff3c784069cea5aa","gauravmehra1984@gmail.com","false"
"false","360","4","entering","Room 401B","Trevino","PS101-4033","[]","tier_1","Huck","[]","active","69fc978a098a9219c1d5a9be","2026-05-07T13:45:46.707000","2026-05-07T13:45:46.707000","69fa0215ff3c784069cea5aa","gauravmehra1984@gmail.com","false"
"false","0","4","none","Room 401A","Bernal","PS101-4034","[]","tier_1","Isla","[]","active","69fc978a098a9219c1d5a9bf","2026-05-07T13:45:46.707000","2026-05-07T13:45:46.707000","69fa0215ff3c784069cea5aa","gauravmehra1984@gmail.com","false"
"false","0","4","none","Room 401B","Mckay","PS101-4035","[]","tier_1","Jett","[]","active","69fc978a098a9219c1d5a9c0","2026-05-07T13:45:46.707000","2026-05-07T13:45:46.707000","69fa0215ff3c784069cea5aa","gauravmehra1984@gmail.com","false"
"false","0","4","none","Room 401A","Hodge","PS101-4036","[]","tier_1","Kira","[]","active","69fc978a098a9219c1d5a9c1","2026-05-07T13:45:46.707000","2026-05-07T13:45:46.707000","69fa0215ff3c784069cea5aa","gauravmehra1984@gmail.com","false"
"false","0","4","none","Room 401B","Aguilar","PS101-4037","[]","tier_2","Lux","[]","active","69fc978a098a9219c1d5a9c2","2026-05-07T13:45:46.707000","2026-05-07T13:45:46.707000","69fa0215ff3c784069cea5aa","gauravmehra1984@gmail.com","false"
"false","0","4","none","Room 401A","Velasquez","PS101-4038","[]","tier_1","Moss","[]","active","69fc978a098a9219c1d5a9c3","2026-05-07T13:45:46.707000","2026-05-07T13:45:46.707000","69fa0215ff3c784069cea5aa","gauravmehra1984@gmail.com","false"
"false","360","4","emerging","Room 401B","Dominguez","PS101-4039","[]","tier_1","Nell","[]","active","69fc978a098a9219c1d5a9c4","2026-05-07T13:45:46.707000","2026-05-07T13:45:46.707000","69fa0215ff3c784069cea5aa","gauravmehra1984@gmail.com","false"
"false","0","4","none","Room 401A","Sparks","PS101-4040","[]","tier_1","Orin","[]","active","69fc978a098a9219c1d5a9c5","2026-05-07T13:45:46.707000","2026-05-07T13:45:46.707000","69fa0215ff3c784069cea5aa","gauravmehra1984@gmail.com","false"
"false","0","4","none","Room 401B","Allison","PS101-4041","[]","tier_1","Pax","[]","active","69fc978a098a9219c1d5a9c6","2026-05-07T13:45:46.707000","2026-05-07T13:45:46.707000","69fa0215ff3c784069cea5aa","gauravmehra1984@gmail.com","false"
"false","0","4","none","Room 401A","Cortez","PS101-4042","[]","tier_1","Remy","[]","active","69fc978a098a9219c1d5a9c7","2026-05-07T13:45:46.707000","2026-05-07T13:45:46.707000","69fa0215ff3c784069cea5aa","gauravmehra1984@gmail.com","false"
"false","0","4","none","Room 401B","Pham","PS101-4043","[]","tier_1","Scout","[]","active","69fc978a098a9219c1d5a9c8","2026-05-07T13:45:46.707000","2026-05-07T13:45:46.707000","69fa0215ff3c784069cea5aa","gauravmehra1984@gmail.com","false"
"false","0","4","none","Room 401A","Delaney","PS101-4044","[]","tier_2","Tate","[]","active","69fc978a098a9219c1d5a9c9","2026-05-07T13:45:46.707000","2026-05-07T13:45:46.707000","69fa0215ff3c784069cea5aa","gauravmehra1984@gmail.com","false"
"false","360","4","entering","Room 401B","Guerrero","PS101-4045","[]","tier_1","Ursa","[]","active","69fc978a098a9219c1d5a9ca","2026-05-07T13:45:46.707000","2026-05-07T13:45:46.707000","69fa0215ff3c784069cea5aa","gauravmehra1984@gmail.com","false"
"false","0","4","none","Room 401A","Nunez","PS101-4046","[]","tier_1","Vale","[]","active","69fc978a098a9219c1d5a9cb","2026-05-07T13:45:46.707000","2026-05-07T13:45:46.707000","69fa0215ff3c784069cea5aa","gauravmehra1984@gmail.com","false"
"false","0","4","none","Room 401B","Munoz","PS101-4047","[]","tier_1","West","[]","active","69fc978a098a9219c1d5a9cc","2026-05-07T13:45:46.707000","2026-05-07T13:45:46.707000","69fa0215ff3c784069cea5aa","gauravmehra1984@gmail.com","false"
"false","0","4","none","Room 401A","Walton","PS101-4048","[]","tier_1","Xyla","[]","active","69fc978a098a9219c1d5a9cd","2026-05-07T13:45:46.707000","2026-05-07T13:45:46.707000","69fa0215ff3c784069cea5aa","gauravmehra1984@gmail.com","false"
"false","0","4","none","Room 401B","Chandra","PS101-4049","[]","tier_1","Yogi","[]","active","69fc978a098a9219c1d5a9ce","2026-05-07T13:45:46.707000","2026-05-07T13:45:46.707000","69fa0215ff3c784069cea5aa","gauravmehra1984@gmail.com","false"
"false","0","4","none","Room 401A","Okafor","PS101-4050","[]","tier_1","Zell","[]","active","69fc978a098a9219c1d5a9cf","2026-05-07T13:45:46.707000","2026-05-07T13:45:46.707000","69fa0215ff3c784069cea5aa","gauravmehra1984@gmail.com","false"
"false","0","2","none","Room 201B","Werner","PS101-2037","[]","tier_2","Lena","[]","active","69fc9758098a9219c1d5a99c","2026-05-07T13:44:56.680000","2026-05-07T13:44:56.680000","69fa0215ff3c784069cea5aa","gauravmehra1984@gmail.com","false"
"false","0","2","none","Room 201A","Mack","PS101-2038","[]","tier_1","Miles","[]","active","69fc9758098a9219c1d5a99d","2026-05-07T13:44:56.680000","2026-05-07T13:44:56.680000","69fa0215ff3c784069cea5aa","gauravmehra1984@gmail.com","false"
"false","360","2","emerging","Room 201B","Vance","PS101-2039","[]","tier_1","Nina","[]","active","69fc9758098a9219c1d5a99e","2026-05-07T13:44:56.680000","2026-05-07T13:44:56.680000","69fa0215ff3c784069cea5aa","gauravmehra1984@gmail.com","false"
"false","0","2","none","Room 201A","Hicks","PS101-2040","[]","tier_1","Omar","[]","active","69fc9758098a9219c1d5a99f","2026-05-07T13:44:56.680000","2026-05-07T13:44:56.680000","69fa0215ff3c784069cea5aa","gauravmehra1984@gmail.com","false"
"false","0","2","none","Room 201B","Brewer","PS101-2041","[]","tier_1","Pam","[]","active","69fc9758098a9219c1d5a9a0","2026-05-07T13:44:56.680000","2026-05-07T13:44:56.680000","69fa0215ff3c784069cea5aa","gauravmehra1984@gmail.com","false"
"false","0","2","none","Room 201A","Walton","PS101-2042","[]","tier_1","Rex","[]","active","69fc9758098a9219c1d5a9a1","2026-05-07T13:44:56.680000","2026-05-07T13:44:56.680000","69fa0215ff3c784069cea5aa","gauravmehra1984@gmail.com","false"
"false","0","2","none","Room 201B","Nakamura","PS101-2043","[]","tier_1","Suki","[]","active","69fc9758098a9219c1d5a9a2","2026-05-07T13:44:56.680000","2026-05-07T13:44:56.680000","69fa0215ff3c784069cea5aa","gauravmehra1984@gmail.com","false"
"false","0","2","none","Room 201A","Guerra","PS101-2044","[]","tier_2","Troy","[]","active","69fc9758098a9219c1d5a9a3","2026-05-07T13:44:56.680000","2026-05-07T13:44:56.680000","69fa0215ff3c784069cea5aa","gauravmehra1984@gmail.com","false"
"false","360","2","entering","Room 201B","Solis","PS101-2045","[]","tier_1","Ula","[]","active","69fc9758098a9219c1d5a9a4","2026-05-07T13:44:56.680000","2026-05-07T13:44:56.680000","69fa0215ff3c784069cea5aa","gauravmehra1984@gmail.com","false"
"false","0","2","none","Room 201A","Cobb","PS101-2046","[]","tier_1","Van","[]","active","69fc9758098a9219c1d5a9a5","2026-05-07T13:44:56.680000","2026-05-07T13:44:56.680000","69fa0215ff3c784069cea5aa","gauravmehra1984@gmail.com","false"
"false","0","2","none","Room 201B","Garner","PS101-2047","[]","tier_1","Wren","[]","active","69fc9758098a9219c1d5a9a6","2026-05-07T13:44:56.680000","2026-05-07T13:44:56.680000","69fa0215ff3c784069cea5aa","gauravmehra1984@gmail.com","false"
"false","0","2","none","Room 201A","Reeves","PS101-2048","[]","tier_1","Xyla","[]","active","69fc9758098a9219c1d5a9a7","2026-05-07T13:44:56.680000","2026-05-07T13:44:56.680000","69fa0215ff3c784069cea5aa","gauravmehra1984@gmail.com","false"
"false","0","2","none","Room 201B","Acosta","PS101-2049","[]","tier_1","Yoel","[]","active","69fc9758098a9219c1d5a9a8","2026-05-07T13:44:56.680000","2026-05-07T13:44:56.680000","69fa0215ff3c784069cea5aa","gauravmehra1984@gmail.com","false"
"false","0","2","none","Room 201A","Osorio","PS101-2050","[]","tier_1","Zuri","[]","active","69fc9758098a9219c1d5a9a9","2026-05-07T13:44:56.680000","2026-05-07T13:44:56.680000","69fa0215ff3c784069cea5aa","gauravmehra1984@gmail.com","false"
"false","0","2","none","Room 201A","Barker","PS101-2026","[]","tier_1","Alton","[]","active","69fc9758098a9219c1d5a991","2026-05-07T13:44:56.679000","2026-05-07T13:44:56.679000","69fa0215ff3c784069cea5aa","gauravmehra1984@gmail.com","false"
"false","360","2","entering","Room 201B","Carr","PS101-2027","[]","tier_1","Bea","[]","active","69fc9758098a9219c1d5a992","2026-05-07T13:44:56.679000","2026-05-07T13:44:56.679000","69fa0215ff3c784069cea5aa","gauravmehra1984@gmail.com","false"
"false","0","2","none","Room 201A","Rice","PS101-2028","[]","tier_2","Colby","[]","active","69fc9758098a9219c1d5a993","2026-05-07T13:44:56.679000","2026-05-07T13:44:56.679000","69fa0215ff3c784069cea5aa","gauravmehra1984@gmail.com","false"
"false","0","2","none","Room 201B","Wade","PS101-2029","[]","tier_1","Dara","[]","active","69fc9758098a9219c1d5a994","2026-05-07T13:44:56.679000","2026-05-07T13:44:56.679000","69fa0215ff3c784069cea5aa","gauravmehra1984@gmail.com","false"
"false","360","2","emerging","Room 201A","Mejia","PS101-2030","[]","tier_1","Enzo","[]","active","69fc9758098a9219c1d5a995","2026-05-07T13:44:56.679000","2026-05-07T13:44:56.679000","69fa0215ff3c784069cea5aa","gauravmehra1984@gmail.com","false"
"false","0","2","none","Room 201B","Ingram","PS101-2031","[]","tier_1","Faye","[]","active","69fc9758098a9219c1d5a996","2026-05-07T13:44:56.679000","2026-05-07T13:44:56.679000","69fa0215ff3c784069cea5aa","gauravmehra1984@gmail.com","false"
"false","0","2","none","Room 201A","Pena","PS101-2032","[]","tier_1","Grant","[]","active","69fc9758098a9219c1d5a997","2026-05-07T13:44:56.679000","2026-05-07T13:44:56.679000","69fa0215ff3c784069cea5aa","gauravmehra1984@gmail.com","false"
"false","360","2","entering","Room 201B","Espinoza","PS101-2033","[]","tier_1","Hailey","[]","active","69fc9758098a9219c1d5a998","2026-05-07T13:44:56.679000","2026-05-07T13:44:56.679000","69fa0215ff3c784069cea5aa","gauravmehra1984@gmail.com","false"
"false","0","2","none","Room 201A","Christensen","PS101-2034","[]","tier_1","Ivan","[]","active","69fc9758098a9219c1d5a999","2026-05-07T13:44:56.679000","2026-05-07T13:44:56.679000","69fa0215ff3c784069cea5aa","gauravmehra1984@gmail.com","false"
"false","0","2","none","Room 201B","Malone","PS101-2035","[]","tier_1","Jada","[]","active","69fc9758098a9219c1d5a99a","2026-05-07T13:44:56.679000","2026-05-07T13:44:56.679000","69fa0215ff3c784069cea5aa","gauravmehra1984@gmail.com","false"
"false","0","2","none","Room 201A","Huang","PS101-2036","[]","tier_1","Knox","[]","active","69fc9758098a9219c1d5a99b","2026-05-07T13:44:56.679000","2026-05-07T13:44:56.679000","69fa0215ff3c784069cea5aa","gauravmehra1984@gmail.com","false"
"false","360","K","emerging","Room K-2","Osei","PS101-K039","[]","tier_1","Mira","[]","active","69fc9758098a9219c1d5a985","2026-05-07T13:44:56.516000","2026-05-15T18:23:30.238000","69fa0215ff3c784069cea5aa","gauravmehra1984@gmail.com","false"
"false","0","K","none","Room K-1","Grant","PS101-K040","[]","tier_1","Nolan","[]","active","69fc9758098a9219c1d5a986","2026-05-07T13:44:56.516000","2026-05-15T18:23:30.251000","69fa0215ff3c784069cea5aa","gauravmehra1984@gmail.com","false"
"false","0","K","none","Room K-2","Santiago","PS101-K041","[]","tier_1","Ora","[]","active","69fc9758098a9219c1d5a987","2026-05-07T13:44:56.516000","2026-05-15T18:23:30.266000","69fa0215ff3c784069cea5aa","gauravmehra1984@gmail.com","false"
"false","0","K","none","Room K-1","Hammond","PS101-K042","[]","tier_1","Pierce","[]","active","69fc9758098a9219c1d5a988","2026-05-07T13:44:56.516000","2026-05-15T18:23:30.280000","69fa0215ff3c784069cea5aa","gauravmehra1984@gmail.com","false"
"false","0","K","none","Room K-2","Barrera","PS101-K043","[]","tier_1","Quinn","[]","active","69fc9758098a9219c1d5a989","2026-05-07T13:44:56.516000","2026-05-15T18:23:30.295000","69fa0215ff3c784069cea5aa","gauravmehra1984@gmail.com","false"
"false","0","K","none","Room K-1","Padilla","PS101-K044","[]","tier_2","Rex","[]","active","69fc9758098a9219c1d5a98a","2026-05-07T13:44:56.516000","2026-05-15T18:23:30.309000","69fa0215ff3c784069cea5aa","gauravmehra1984@gmail.com","false"
"false","360","K","entering","Room K-2","Obi","PS101-K045","[]","tier_1","Stella","[]","active","69fc9758098a9219c1d5a98b","2026-05-07T13:44:56.516000","2026-05-15T18:23:30.323000","69fa0215ff3c784069cea5aa","gauravmehra1984@gmail.com","false"
"false","0","K","none","Room K-1","Fonseca","PS101-K046","[]","tier_1","Teo","[]","active","69fc9758098a9219c1d5a98c","2026-05-07T13:44:56.516000","2026-05-15T18:23:30.361000","69fa0215ff3c784069cea5aa","gauravmehra1984@gmail.com","false"
"false","0","K","none","Room K-2","Singh","PS101-K047","[]","tier_1","Uma","[]","active","69fc9758098a9219c1d5a98d","2026-05-07T13:44:56.516000","2026-05-15T18:23:30.405000","69fa0215ff3c784069cea5aa","gauravmehra1984@gmail.com","false"
"false","0","K","none","Room K-1","Estrada","PS101-K048","[]","tier_1","Vince","[]","active","69fc9758098a9219c1d5a98e","2026-05-07T13:44:56.516000","2026-05-15T18:23:30.427000","69fa0215ff3c784069cea5aa","gauravmehra1984@gmail.com","false"
"false","0","K","none","Room K-2","Bauer","PS101-K049","[]","tier_1","Willa","[]","active","69fc9758098a9219c1d5a98f","2026-05-07T13:44:56.516000","2026-05-15T18:23:30.439000","69fa0215ff3c784069cea5aa","gauravmehra1984@gmail.com","false"
"false","0","K","none","Room K-1","Montoya","PS101-K050","[]","tier_1","Xio","[]","active","69fc9758098a9219c1d5a990","2026-05-07T13:44:56.516000","2026-05-15T18:23:30.450000","69fa0215ff3c784069cea5aa","gauravmehra1984@gmail.com","false"
"false","0","K","none","Room K-1","Ford","PS101-K026","[]","tier_1","Zachary","[]","active","69fc9758098a9219c1d5a978","2026-05-07T13:44:56.515000","2026-05-15T18:23:30.045000","69fa0215ff3c784069cea5aa","gauravmehra1984@gmail.com","false"
"false","360","K","entering","Room K-2","Diallo","PS101-K027","[]","tier_1","Amara","[]","active","69fc9758098a9219c1d5a979","2026-05-07T13:44:56.515000","2026-05-15T18:23:30.088000","69fa0215ff3c784069cea5aa","gauravmehra1984@gmail.com","false"
"false","0","K","none","Room K-1","Murphy","PS101-K028","[]","tier_2","Finn","[]","active","69fc9758098a9219c1d5a97a","2026-05-07T13:44:56.515000","2026-05-15T18:23:30.100000","69fa0215ff3c784069cea5aa","gauravmehra1984@gmail.com","false"
"false","0","K","none","Room K-2","Simmons","PS101-K029","[]","tier_1","Cora","[]","active","69fc9758098a9219c1d5a97b","2026-05-07T13:44:56.515000","2026-05-15T18:23:30.109000","69fa0215ff3c784069cea5aa","gauravmehra1984@gmail.com","false"
"false","360","K","emerging","Room K-1","Mensah","PS101-K030","[]","tier_1","Idris","[]","active","69fc9758098a9219c1d5a97c","2026-05-07T13:44:56.515000","2026-05-15T18:23:30.121000","69fa0215ff3c784069cea5aa","gauravmehra1984@gmail.com","false"
"false","0","K","none","Room K-2","Ross","PS101-K031","[]","tier_1","Penelope","[]","active","69fc9758098a9219c1d5a97d","2026-05-07T13:44:56.515000","2026-05-15T18:23:30.131000","69fa0215ff3c784069cea5aa","gauravmehra1984@gmail.com","false"
"false","0","K","none","Room K-1","Larson","PS101-K032","[]","tier_1","Axel","[]","active","69fc9758098a9219c1d5a97e","2026-05-07T13:44:56.515000","2026-05-15T18:23:30.142000","69fa0215ff3c784069cea5aa","gauravmehra1984@gmail.com","false"
"false","360","K","entering","Room K-2","Aziz","PS101-K033","[]","tier_1","Nadia","[]","active","69fc9758098a9219c1d5a97f","2026-05-07T13:44:56.515000","2026-05-15T18:23:30.155000","69fa0215ff3c784069cea5aa","gauravmehra1984@gmail.com","false"
"false","0","K","none","Room K-1","Price","PS101-K034","[]","tier_1","Rowan","[]","active","69fc9758098a9219c1d5a980","2026-05-07T13:44:56.515000","2026-05-15T18:23:30.169000","69fa0215ff3c784069cea5aa","gauravmehra1984@gmail.com","false"
"false","0","K","none","Room K-2","Vargas","PS101-K035","[]","tier_1","Selena","[]","active","69fc9758098a9219c1d5a981","2026-05-07T13:44:56.515000","2026-05-15T18:23:30.185000","69fa0215ff3c784069cea5aa","gauravmehra1984@gmail.com","false"
"false","0","K","none","Room K-1","Navarro","PS101-K036","[]","tier_1","Hugo","[]","active","69fc9758098a9219c1d5a982","2026-05-07T13:44:56.515000","2026-05-15T18:23:30.201000","69fa0215ff3c784069cea5aa","gauravmehra1984@gmail.com","false"
"false","0","K","none","Room K-2","Fleming","PS101-K037","[]","tier_2","Iris","[]","active","69fc9758098a9219c1d5a983","2026-05-07T13:44:56.515000","2026-05-15T18:23:30.214000","69fa0215ff3c784069cea5aa","gauravmehra1984@gmail.com","false"
"false","0","K","none","Room K-1","Hawkins","PS101-K038","[]","tier_1","Leo","[]","active","69fc9758098a9219c1d5a984","2026-05-07T13:44:56.515000","2026-05-15T18:23:30.226000","69fa0215ff3c784069cea5aa","gauravmehra1984@gmail.com","false"
"false","360","1","emerging","Room 101B","Rios","PS101-1039","[]","tier_1","Nova","[]","active","69fc9758098a9219c1d5a96c","2026-05-07T13:44:56.398000","2026-05-16T23:35:13.203000","69fa0215ff3c784069cea5aa","gauravmehra1984@gmail.com","false"
"false","0","1","none","Room 101A","Byrd","PS101-1040","[]","tier_1","Otis","[]","active","69fc9758098a9219c1d5a96d","2026-05-07T13:44:56.398000","2026-05-16T23:35:13.248000","69fa0215ff3c784069cea5aa","gauravmehra1984@gmail.com","false"
"false","0","1","none","Room 101B","Duran","PS101-1041","[]","tier_1","Piper","[]","active","69fc9758098a9219c1d5a96e","2026-05-07T13:44:56.398000","2026-05-16T23:35:13.294000","69fa0215ff3c784069cea5aa","gauravmehra1984@gmail.com","false"
"false","0","1","none","Room 101A","Shields","PS101-1042","[]","tier_1","Quade","[]","active","69fc9758098a9219c1d5a96f","2026-05-07T13:44:56.398000","2026-05-16T23:35:13.340000","69fa0215ff3c784069cea5aa","gauravmehra1984@gmail.com","false"
"false","0","1","none","Room 101B","Vargas","PS101-1043","[]","tier_1","Rue","[]","active","69fc9758098a9219c1d5a970","2026-05-07T13:44:56.398000","2026-05-16T23:35:13.384000","69fa0215ff3c784069cea5aa","gauravmehra1984@gmail.com","false"
"false","0","1","none","Room 101A","Salinas","PS101-1044","[]","tier_2","Sage","[]","active","69fc9758098a9219c1d5a971","2026-05-07T13:44:56.398000","2026-05-16T23:35:13.430000","69fa0215ff3c784069cea5aa","gauravmehra1984@gmail.com","false"
"false","360","1","entering","Room 101B","Pierce","PS101-1045","[]","tier_1","Tully","[]","active","69fc9758098a9219c1d5a972","2026-05-07T13:44:56.398000","2026-05-16T23:35:13.477000","69fa0215ff3c784069cea5aa","gauravmehra1984@gmail.com","false"
"false","0","1","none","Room 101A","Chow","PS101-1046","[]","tier_1","Ulan","[]","active","69fc9758098a9219c1d5a973","2026-05-07T13:44:56.398000","2026-05-16T23:35:13.521000","69fa0215ff3c784069cea5aa","gauravmehra1984@gmail.com","false"
"false","0","1","none","Room 101B","Osborne","PS101-1047","[]","tier_1","Vera","[]","active","69fc9758098a9219c1d5a974","2026-05-07T13:44:56.398000","2026-05-16T23:35:13.550000","69fa0215ff3c784069cea5aa","gauravmehra1984@gmail.com","false"
"false","0","1","none","Room 101A","Ramos","PS101-1048","[]","tier_1","Wells","[]","active","69fc9758098a9219c1d5a975","2026-05-07T13:44:56.398000","2026-05-16T23:35:13.574000","69fa0215ff3c784069cea5aa","gauravmehra1984@gmail.com","false"
"false","0","1","none","Room 101B","Maldonado","PS101-1049","[]","tier_1","Xena","[]","active","69fc9758098a9219c1d5a976","2026-05-07T13:44:56.398000","2026-05-16T23:35:13.598000","69fa0215ff3c784069cea5aa","gauravmehra1984@gmail.com","false"
"false","0","1","none","Room 101A","Cortez","PS101-1050","[]","tier_1","Yale","[]","active","69fc9758098a9219c1d5a977","2026-05-07T13:44:56.398000","2026-05-16T23:35:13.632000","69fa0215ff3c784069cea5aa","gauravmehra1984@gmail.com","false"
"false","0","1","none","Room 101A","Solis","PS101-1026","[]","tier_1","Adela","[]","active","69fc9758098a9219c1d5a95f","2026-05-07T13:44:56.397000","2026-05-15T18:24:17.804000","69fa0215ff3c784069cea5aa","gauravmehra1984@gmail.com","false"
"false","360","1","entering","Room 101B","Tran","PS101-1027","[]","tier_1","Bowen","[]","active","69fc9758098a9219c1d5a960","2026-05-07T13:44:56.397000","2026-05-16T23:35:12.026000","69fa0215ff3c784069cea5aa","gauravmehra1984@gmail.com","false"
"false","0","1","none","Room 101A","Holt","PS101-1028","[]","tier_2","Caden","[]","active","69fc9758098a9219c1d5a961","2026-05-07T13:44:56.397000","2026-05-16T23:35:12.151000","69fa0215ff3c784069cea5aa","gauravmehra1984@gmail.com","false"
"false","0","1","none","Room 101B","Wolfe","PS101-1029","[]","tier_1","Demi","[]","active","69fc9758098a9219c1d5a962","2026-05-07T13:44:56.397000","2026-05-16T23:35:12.296000","69fa0215ff3c784069cea5aa","gauravmehra1984@gmail.com","false"
"false","360","1","emerging","Room 101A","Wade","PS101-1030","[]","tier_1","Ellis","[]","active","69fc9758098a9219c1d5a963","2026-05-07T13:44:56.397000","2026-05-16T23:35:12.593000","69fa0215ff3c784069cea5aa","gauravmehra1984@gmail.com","false"
"false","0","1","none","Room 101B","Ibarra","PS101-1031","[]","tier_1","Flor","[]","active","69fc9758098a9219c1d5a964","2026-05-07T13:44:56.397000","2026-05-16T23:35:12.748000","69fa0215ff3c784069cea5aa","gauravmehra1984@gmail.com","false"
"false","0","1","none","Room 101A","Harmon","PS101-1032","[]","tier_1","Gage","[]","active","69fc9758098a9219c1d5a965","2026-05-07T13:44:56.397000","2026-05-16T23:35:12.807000","69fa0215ff3c784069cea5aa","gauravmehra1984@gmail.com","false"
"false","360","1","entering","Room 101B","Lowe","PS101-1033","[]","tier_1","Hadley","[]","active","69fc9758098a9219c1d5a966","2026-05-07T13:44:56.397000","2026-05-16T23:35:12.879000","69fa0215ff3c784069cea5aa","gauravmehra1984@gmail.com","false"
"false","0","1","none","Room 101A","Payne","PS101-1034","[]","tier_1","Ivan","[]","active","69fc9758098a9219c1d5a967","2026-05-07T13:44:56.397000","2026-05-16T23:35:12.950000","69fa0215ff3c784069cea5aa","gauravmehra1984@gmail.com","false"
"false","0","1","none","Room 101B","Mena","PS101-1035","[]","tier_1","Jocelyn","[]","active","69fc9758098a9219c1d5a968","2026-05-07T13:44:56.397000","2026-05-16T23:35:13.021000","69fa0215ff3c784069cea5aa","gauravmehra1984@gmail.com","false"
"false","0","1","none","Room 101A","Benton","PS101-1036","[]","tier_1","Kane","[]","active","69fc9758098a9219c1d5a969","2026-05-07T13:44:56.397000","2026-05-16T23:35:13.070000","69fa0215ff3c784069cea5aa","gauravmehra1984@gmail.com","false"
"false","0","1","none","Room 101B","Cervantes","PS101-1037","[]","tier_2","Luna","[]","active","69fc9758098a9219c1d5a96a","2026-05-07T13:44:56.397000","2026-05-16T23:35:13.111000","69fa0215ff3c784069cea5aa","gauravmehra1984@gmail.com","false"
"false","0","1","none","Room 101A","Watts","PS101-1038","[]","tier_1","Milo","[]","active","69fc9758098a9219c1d5a96b","2026-05-07T13:44:56.397000","2026-05-16T23:35:13.157000","69fa0215ff3c784069cea5aa","gauravmehra1984@gmail.com","false"
"false","0","5","none","Room 501A","Fisher","PS101-5001","[]","tier_1","Aaron","[]","active","69fc9725098a9219c1d5a938","2026-05-07T13:44:05.312000","2026-05-07T13:44:05.312000","69fa0215ff3c784069cea5aa","gauravmehra1984@gmail.com","false"
"false","360","5","entering","Room 501A","Stone","PS101-5002","[]","tier_1","Bianca","[]","active","69fc9725098a9219c1d5a939","2026-05-07T13:44:05.312000","2026-05-07T13:44:05.312000","69fa0215ff3c784069cea5aa","gauravmehra1984@gmail.com","false"
"true","0","5","none","Room 501B","Price","PS101-5003","[{""group_size"":4,""service_type"":""SETSS"",""provider"":""M. Thompson"",""frequency"":""5x/week""},{""group_size"":3,""service_type"":""OT"",""provider"":""B. Kim"",""frequency"":""2x/week""},{""group_size"":5,""service_type"":""Counseling"",""provider"":""T. Brooks"",""frequency"":""1x/week""}]","tier_3","Cameron","[{""details"":null,""accommodation_type"":""extended_time""},{""details"":null,""accommodation_type"":""separate_location""},{""details"":null,""accommodation_type"":""assistive_technology""}]","active","69fc9725098a9219c1d5a93a","2026-05-07T13:44:05.312000","2026-05-07T13:44:05.312000","69fa0215ff3c784069cea5aa","gauravmehra1984@gmail.com","false"
"false","360","5","emerging","Room 501B","Webb","PS101-5004","[]","tier_2","Danica","[]","active","69fc9725098a9219c1d5a93b","2026-05-07T13:44:05.312000","2026-05-07T13:44:05.312000","69fa0215ff3c784069cea5aa","gauravmehra1984@gmail.com","false"
"false","0","5","none","Room 501A","Soto","PS101-5005","[]","tier_1","Elias","[]","active","69fc9725098a9219c1d5a93c","2026-05-07T13:44:05.312000","2026-05-07T13:44:05.312000","69fa0215ff3c784069cea5aa","gauravmehra1984@gmail.com","false"
"false","0","5","none","Room 501A","Burke","PS101-5006","[]","tier_2","Fiona","[]","active","69fc9725098a9219c1d5a93d","2026-05-07T13:44:05.312000","2026-05-07T13:44:05.312000","69fa0215ff3c784069cea5aa","gauravmehra1984@gmail.com","false"
"true","0","5","none","Room 501B","Salazar","PS101-5007","[{""group_size"":12,""service_type"":""ICT"",""provider"":""M. Hall"",""frequency"":""daily""},{""group_size"":3,""service_type"":""Speech"",""provider"":""J. Torres"",""frequency"":""2x/week""}]","tier_2","Gavino","[{""details"":null,""accommodation_type"":""extended_time""},{""details"":null,""accommodation_type"":""read_aloud""}]","active","69fc9725098a9219c1d5a93e","2026-05-07T13:44:05.312000","2026-05-07T13:44:05.312000","69fa0215ff3c784069cea5aa","gauravmehra1984@gmail.com","false"
"false","180","5","transitioning","Room 501A","Park","PS101-5008","[]","tier_1","Hana","[]","active","69fc9725098a9219c1d5a93f","2026-05-07T13:44:05.312000","2026-05-07T13:44:05.312000","69fa0215ff3c784069cea5aa","gauravmehra1984@gmail.com","false"
"false","0","5","none","Room 501A","Guerrero","PS101-5009","[]","tier_1","Ian","[]","active","69fc9725098a9219c1d5a940","2026-05-07T13:44:05.312000","2026-05-07T13:44:05.312000","69fa0215ff3c784069cea5aa","gauravmehra1984@gmail.com","false"
"false","0","5","none","Room 501B","Thornton","PS101-5010","[]","tier_1","Jade","[]","active","69fc9725098a9219c1d5a941","2026-05-07T13:44:05.312000","2026-05-07T13:44:05.312000","69fa0215ff3c784069cea5aa","gauravmehra1984@gmail.com","false"
"false","360","5","entering","Room 501B","Mansour","PS101-5011","[]","tier_1","Karim","[]","active","69fc9725098a9219c1d5a942","2026-05-07T13:44:05.312000","2026-05-07T13:44:05.312000","69fa0215ff3c784069cea5aa","gauravmehra1984@gmail.com","false"
"false","90","5","expanding","Room 501A","Amara","PS101-5012","[]","tier_1","Leila","[]","active","69fc9725098a9219c1d5a943","2026-05-07T13:44:05.312000","2026-05-07T13:44:05.312000","69fa0215ff3c784069cea5aa","gauravmehra1984@gmail.com","false"
"true","360","5","emerging","Room 501B","Vega","PS101-5013","[{""group_size"":5,""service_type"":""SETSS"",""provider"":""A. Park"",""frequency"":""4x/week""},{""group_size"":2,""service_type"":""PT"",""provider"":""C. Vega"",""frequency"":""1x/week""}]","tier_3","Mateo","[{""details"":null,""accommodation_type"":""extended_time""},{""details"":null,""accommodation_type"":""bilingual_glossary""},{""details"":null,""accommodation_type"":""separate_location""}]","active","69fc9725098a9219c1d5a944","2026-05-07T13:44:05.312000","2026-05-07T13:44:05.312000","69fa0215ff3c784069cea5aa","gauravmehra1984@gmail.com","false"
"false","0","5","none","Room 501B","Okafor","PS101-5014","[]","tier_1","Naomi","[]","active","69fc9725098a9219c1d5a945","2026-05-07T13:44:05.312000","2026-05-07T13:44:05.312000","69fa0215ff3c784069cea5aa","gauravmehra1984@gmail.com","false"
"false","0","5","none","Room 501A","Fuentes","PS101-5015","[]","tier_2","Oscar","[]","active","69fc9725098a9219c1d5a946","2026-05-07T13:44:05.312000","2026-05-07T13:44:05.312000","69fa0215ff3c784069cea5aa","gauravmehra1984@gmail.com","false"
"false","360","5","entering","Room 501B","Patel","PS101-5016","[]","tier_1","Priya","[]","active","69fc9725098a9219c1d5a947","2026-05-07T13:44:05.312000","2026-05-07T13:44:05.312000","69fa0215ff3c784069cea5aa","gauravmehra1984@gmail.com","false"
"false","0","5","none","Room 501A","Moss","PS101-5017","[]","tier_1","Quentin","[]","active","69fc9725098a9219c1d5a948","2026-05-07T13:44:05.312000","2026-05-07T13:44:05.312000","69fa0215ff3c784069cea5aa","gauravmehra1984@gmail.com","false"
"false","0","5","none","Room 501B","Sousa","PS101-5018","[]","tier_1","Renata","[]","active","69fc9725098a9219c1d5a949","2026-05-07T13:44:05.312000","2026-05-07T13:44:05.312000","69fa0215ff3c784069cea5aa","gauravmehra1984@gmail.com","false"
"false","0","5","none","Room 501A","Hansen","PS101-5019","[]","tier_2","Soren","[]","active","69fc9725098a9219c1d5a94a","2026-05-07T13:44:05.312000","2026-05-07T13:44:05.312000","69fa0215ff3c784069cea5aa","gauravmehra1984@gmail.com","false"
"true","0","5","none","Room 501B","Nkosi","PS101-5020","[{""group_size"":4,""service_type"":""Counseling"",""provider"":""T. Brooks"",""frequency"":""2x/week""},{""group_size"":5,""service_type"":""SETSS"",""provider"":""M. Thompson"",""frequency"":""3x/week""}]","tier_3","Tariq","[{""details"":null,""accommodation_type"":""extended_time""},{""details"":null,""accommodation_type"":""breaks""}]","active","69fc9725098a9219c1d5a94b","2026-05-07T13:44:05.312000","2026-05-07T13:44:05.312000","69fa0215ff3c784069cea5aa","gauravmehra1984@gmail.com","false"
"false","0","5","none","Room 501A","Krishnan","PS101-5021","[]","tier_1","Uma","[]","active","69fc9725098a9219c1d5a94c","2026-05-07T13:44:05.312000","2026-05-07T13:44:05.312000","69fa0215ff3c784069cea5aa","gauravmehra1984@gmail.com","false"
"false","0","5","none","Room 501B","Ibarra","PS101-5022","[]","tier_1","Victor","[]","active","69fc9725098a9219c1d5a94d","2026-05-07T13:44:05.312000","2026-05-07T13:44:05.312000","69fa0215ff3c784069cea5aa","gauravmehra1984@gmail.com","false"
"false","180","5","transitioning","Room 501A","Hayes","PS101-5023","[]","tier_1","Willow","[]","active","69fc9725098a9219c1d5a94e","2026-05-07T13:44:05.312000","2026-05-07T13:44:05.312000","69fa0215ff3c784069cea5aa","gauravmehra1984@gmail.com","false"
"false","0","5","none","Room 501B","Cross","PS101-5024","[]","tier_1","Xander","[]","active","69fc9725098a9219c1d5a94f","2026-05-07T13:44:05.312000","2026-05-07T13:44:05.312000","69fa0215ff3c784069cea5aa","gauravmehra1984@gmail.com","false"
"false","0","5","none","Room 501A","Belkacem","PS101-5025","[]","tier_2","Yara","[]","active","69fc9725098a9219c1d5a950","2026-05-07T13:44:05.312000","2026-05-07T13:44:05.312000","69fa0215ff3c784069cea5aa","gauravmehra1984@gmail.com","false"
"true","0","4","none","Room 401B","Young","PS101-4003","[{""group_size"":4,""service_type"":""SETSS"",""provider"":""M. Thompson"",""frequency"":""5x/week""},{""group_size"":3,""service_type"":""Speech"",""provider"":""J. Torres"",""frequency"":""2x/week""},{""group_size"":4,""service_type"":""Counseling"",""provider"":""T. Brooks"",""frequency"":""1x/week""}]","tier_3","Christopher","[{""details"":null,""accommodation_type"":""extended_time""},{""details"":null,""accommodation_type"":""separate_location""},{""details"":null,""accommodation_type"":""read_aloud""}]","active","69fc9709098a9219c1d5a919","2026-05-07T13:43:37.861000","2026-05-07T13:43:37.861000","69fa0215ff3c784069cea5aa","gauravmehra1984@gmail.com","false"
"false","360","4","emerging","Room 401B","King","PS101-4004","[]","tier_2","Diana","[]","active","69fc9709098a9219c1d5a91a","2026-05-07T13:43:37.861000","2026-05-07T13:43:37.861000","69fa0215ff3c784069cea5aa","gauravmehra1984@gmail.com","false"
"false","0","4","none","Room 401A","Reyes","PS101-4005","[]","tier_1","Eduardo","[]","active","69fc9709098a9219c1d5a91b","2026-05-07T13:43:37.861000","2026-05-07T13:43:37.861000","69fa0215ff3c784069cea5aa","gauravmehra1984@gmail.com","false"
"false","360","4","entering","Room 401A","Hassan","PS101-4006","[]","tier_1","Fatima","[]","active","69fc9709098a9219c1d5a91c","2026-05-07T13:43:37.861000","2026-05-07T13:43:37.861000","69fa0215ff3c784069cea5aa","gauravmehra1984@gmail.com","false"
"true","0","4","none","Room 401B","Jordan","PS101-4007","[{""group_size"":12,""service_type"":""ICT"",""provider"":""Y. Reyes"",""frequency"":""daily""},{""group_size"":3,""service_type"":""OT"",""provider"":""B. Kim"",""frequency"":""2x/week""}]","tier_2","Gabrielle","[{""details"":null,""accommodation_type"":""extended_time""}]","active","69fc9709098a9219c1d5a91d","2026-05-07T13:43:37.861000","2026-05-07T13:43:37.861000","69fa0215ff3c784069cea5aa","gauravmehra1984@gmail.com","false"
"false","0","4","none","Room 401A","Osei","PS101-4008","[]","tier_1","Hassan","[]","active","69fc9709098a9219c1d5a91e","2026-05-07T13:43:37.861000","2026-05-07T13:43:37.861000","69fa0215ff3c784069cea5aa","gauravmehra1984@gmail.com","false"
"false","180","4","transitioning","Room 401B","Nguyen","PS101-4009","[]","tier_1","Iris","[]","active","69fc9709098a9219c1d5a91f","2026-05-07T13:43:37.861000","2026-05-07T13:43:37.861000","69fa0215ff3c784069cea5aa","gauravmehra1984@gmail.com","false"
"false","0","4","none","Room 401A","Washington","PS101-4010","[]","tier_2","Jerome","[]","active","69fc9709098a9219c1d5a920","2026-05-07T13:43:37.861000","2026-05-07T13:43:37.861000","69fa0215ff3c784069cea5aa","gauravmehra1984@gmail.com","false"
"false","90","4","expanding","Room 401B","Yamamoto","PS101-4011","[]","tier_1","Keiko","[]","active","69fc9709098a9219c1d5a921","2026-05-07T13:43:37.861000","2026-05-07T13:43:37.861000","69fa0215ff3c784069cea5aa","gauravmehra1984@gmail.com","false"
"false","0","4","none","Room 401A","Castillo","PS101-4012","[]","tier_1","Lorenzo","[]","active","69fc9709098a9219c1d5a922","2026-05-07T13:43:37.861000","2026-05-07T13:43:37.861000","69fa0215ff3c784069cea5aa","gauravmehra1984@gmail.com","false"
"true","360","4","emerging","Room 401B","Vargas","PS101-4013","[{""group_size"":5,""service_type"":""SETSS"",""provider"":""A. Park"",""frequency"":""3x/week""}]","tier_3","Mariana","[{""details"":null,""accommodation_type"":""extended_time""},{""details"":null,""accommodation_type"":""bilingual_glossary""}]","active","69fc9709098a9219c1d5a923","2026-05-07T13:43:37.861000","2026-05-07T13:43:37.861000","69fa0215ff3c784069cea5aa","gauravmehra1984@gmail.com","false"
"false","360","4","entering","Room 401A","Petrov","PS101-4014","[]","tier_1","Nikolai","[]","active","69fc9709098a9219c1d5a924","2026-05-07T13:43:37.861000","2026-05-07T13:43:37.861000","69fa0215ff3c784069cea5aa","gauravmehra1984@gmail.com","false"
"false","0","4","none","Room 401B","Brown","PS101-4015","[]","tier_1","Olivia","[]","active","69fc9709098a9219c1d5a925","2026-05-07T13:43:37.861000","2026-05-07T13:43:37.861000","69fa0215ff3c784069cea5aa","gauravmehra1984@gmail.com","false"
"false","0","4","none","Room 401A","Moreno","PS101-4016","[]","tier_1","Pedro","[]","active","69fc9709098a9219c1d5a926","2026-05-07T13:43:37.861000","2026-05-07T13:43:37.861000","69fa0215ff3c784069cea5aa","gauravmehra1984@gmail.com","false"
"false","0","4","none","Room 401B","Robinson","PS101-4017","[]","tier_2","Quinn","[]","active","69fc9709098a9219c1d5a927","2026-05-07T13:43:37.861000","2026-05-07T13:43:37.861000","69fa0215ff3c784069cea5aa","gauravmehra1984@gmail.com","false"
"false","0","4","none","Room 401A","Jimenez","PS101-4018","[]","tier_1","Rosa","[]","active","69fc9709098a9219c1d5a928","2026-05-07T13:43:37.861000","2026-05-07T13:43:37.861000","69fa0215ff3c784069cea5aa","gauravmehra1984@gmail.com","false"
"false","180","4","transitioning","Room 401B","Gomez","PS101-4019","[]","tier_1","Sebastian","[]","active","69fc9709098a9219c1d5a929","2026-05-07T13:43:37.861000","2026-05-07T13:43:37.861000","69fa0215ff3c784069cea5aa","gauravmehra1984@gmail.com","false"
"true","0","4","none","Room 401A","Freeman","PS101-4020","[{""group_size"":4,""service_type"":""Speech"",""provider"":""J. Torres"",""frequency"":""3x/week""},{""group_size"":2,""service_type"":""PT"",""provider"":""C. Vega"",""frequency"":""1x/week""}]","tier_2","Tiana","[{""details"":null,""accommodation_type"":""extended_time""},{""details"":null,""accommodation_type"":""breaks""}]","active","69fc9709098a9219c1d5a92a","2026-05-07T13:43:37.861000","2026-05-07T13:43:37.861000","69fa0215ff3c784069cea5aa","gauravmehra1984@gmail.com","false"
"false","0","4","none","Room 401A","Herrera","PS101-4021","[]","tier_1","Ulises","[]","active","69fc9709098a9219c1d5a92b","2026-05-07T13:43:37.861000","2026-05-07T13:43:37.861000","69fa0215ff3c784069cea5aa","gauravmehra1984@gmail.com","false"
"false","0","4","none","Room 401B","Cruz","PS101-4022","[]","tier_1","Valentina","[]","active","69fc9709098a9219c1d5a92c","2026-05-07T13:43:37.861000","2026-05-07T13:43:37.861000","69fa0215ff3c784069cea5aa","gauravmehra1984@gmail.com","false"
"false","360","4","entering","Room 401A","Adams","PS101-4023","[]","tier_1","Wesley","[]","active","69fc9709098a9219c1d5a92d","2026-05-07T13:43:37.861000","2026-05-07T13:43:37.861000","69fa0215ff3c784069cea5aa","gauravmehra1984@gmail.com","false"
"false","0","4","none","Room 401B","Delgado","PS101-4024","[]","tier_1","Xiomara","[]","active","69fc9709098a9219c1d5a92e","2026-05-07T13:43:37.861000","2026-05-07T13:43:37.861000","69fa0215ff3c784069cea5aa","gauravmehra1984@gmail.com","false"
"false","0","4","none","Room 401A","Mohammed","PS101-4025","[]","tier_2","Yusuf","[]","active","69fc9709098a9219c1d5a92f","2026-05-07T13:43:37.861000","2026-05-07T13:43:37.861000","69fa0215ff3c784069cea5aa","gauravmehra1984@gmail.com","false"
"false","0","4","none","Room 401A","Sanchez","PS101-4001","[]","tier_1","Anthony","[]","active","69fc9709098a9219c1d5a917","2026-05-07T13:43:37.860000","2026-05-07T13:43:37.860000","69fa0215ff3c784069cea5aa","gauravmehra1984@gmail.com","false"
"false","360","4","entering","Room 401A","Lopez","PS101-4002","[]","tier_1","Brianna","[]","active","69fc9709098a9219c1d5a918","2026-05-07T13:43:37.860000","2026-05-07T13:43:37.860000","69fa0215ff3c784069cea5aa","gauravmehra1984@gmail.com","false"
"false","90","3","expanding","Room 301B","Smith","PS101-3015","[]","tier_1","Darnell","[]","active","69fc96ef098a9219c1d5a8fa","2026-05-07T13:43:11.977000","2026-05-07T13:43:11.977000","69fa0215ff3c784069cea5aa","gauravmehra1984@gmail.com","false"
"false","0","3","none","Room 301A","Johnson","PS101-3016","[]","tier_2","Shayla","[]","active","69fc96ef098a9219c1d5a8fb","2026-05-07T13:43:11.977000","2026-05-07T13:43:11.977000","69fa0215ff3c784069cea5aa","gauravmehra1984@gmail.com","false"
"false","0","3","none","Room 301B","Williams","PS101-3017","[]","tier_1","Antoine","[]","active","69fc96ef098a9219c1d5a8fc","2026-05-07T13:43:11.977000","2026-05-07T13:43:11.977000","69fa0215ff3c784069cea5aa","gauravmehra1984@gmail.com","false"
"false","0","3","none","Room 301A","Miller","PS101-3018","[]","tier_1","Sasha","[]","active","69fc96ef098a9219c1d5a8fd","2026-05-07T13:43:11.977000","2026-05-07T13:43:11.977000","69fa0215ff3c784069cea5aa","gauravmehra1984@gmail.com","false"
"false","180","3","transitioning","Room 301B","Taylor","PS101-3019","[]","tier_1","Jalen","[]","active","69fc96ef098a9219c1d5a8fe","2026-05-07T13:43:11.977000","2026-05-07T13:43:11.977000","69fa0215ff3c784069cea5aa","gauravmehra1984@gmail.com","false"
"true","0","3","none","Room 301A","Anderson","PS101-3020","[{""group_size"":2,""service_type"":""PT"",""provider"":""C. Vega"",""frequency"":""2x/week""}]","tier_2","Ebony","[]","active","69fc96ef098a9219c1d5a8ff","2026-05-07T13:43:11.977000","2026-05-07T13:43:11.977000","69fa0215ff3c784069cea5aa","gauravmehra1984@gmail.com","false"
"false","0","3","none","Room 301A","Thomas","PS101-3021","[]","tier_1","Damien","[]","active","69fc96ef098a9219c1d5a900","2026-05-07T13:43:11.977000","2026-05-07T13:43:11.977000","69fa0215ff3c784069cea5aa","gauravmehra1984@gmail.com","false"
"false","0","3","none","Room 301B","Jackson","PS101-3022","[]","tier_1","Tasha","[]","active","69fc96ef098a9219c1d5a901","2026-05-07T13:43:11.977000","2026-05-07T13:43:11.977000","69fa0215ff3c784069cea5aa","gauravmehra1984@gmail.com","false"
"false","360","3","entering","Room 301A","Harris","PS101-3023","[]","tier_1","Devonte","[]","active","69fc96ef098a9219c1d5a902","2026-05-07T13:43:11.977000","2026-05-07T13:43:11.977000","69fa0215ff3c784069cea5aa","gauravmehra1984@gmail.com","false"
"false","0","3","none","Room 301B","Martin","PS101-3024","[]","tier_1","Ciara","[]","active","69fc96ef098a9219c1d5a903","2026-05-07T13:43:11.977000","2026-05-07T13:43:11.977000","69fa0215ff3c784069cea5aa","gauravmehra1984@gmail.com","false"
"false","0","3","none","Room 301A","Thompson","PS101-3025","[]","tier_2","Royce","[]","active","69fc96ef098a9219c1d5a904","2026-05-07T13:43:11.977000","2026-05-07T13:43:11.977000","69fa0215ff3c784069cea5aa","gauravmehra1984@gmail.com","false"
"false","0","3","none","Room 301A","Torres","PS101-3001","[]","tier_1","Michael","[]","active","69fc96ef098a9219c1d5a8ec","2026-05-07T13:43:11.976000","2026-05-07T13:43:11.976000","69fa0215ff3c784069cea5aa","gauravmehra1984@gmail.com","false"
"false","360","3","entering","Room 301A","Reyes","PS101-3002","[]","tier_1","Samantha","[]","active","69fc96ef098a9219c1d5a8ed","2026-05-07T13:43:11.976000","2026-05-07T13:43:11.976000","69fa0215ff3c784069cea5aa","gauravmehra1984@gmail.com","false"
"true","0","3","none","Room 301B","Cruz","PS101-3003","[{""group_size"":4,""service_type"":""SETSS"",""provider"":""M. Thompson"",""frequency"":""5x/week""},{""group_size"":3,""service_type"":""OT"",""provider"":""B. Kim"",""frequency"":""2x/week""}]","tier_3","Joshua","[{""details"":null,""accommodation_type"":""extended_time""},{""details"":null,""accommodation_type"":""separate_location""},{""details"":null,""accommodation_type"":""assistive_technology""}]","active","69fc96ef098a9219c1d5a8ee","2026-05-07T13:43:11.976000","2026-05-07T13:43:11.976000","69fa0215ff3c784069cea5aa","gauravmehra1984@gmail.com","false"
"false","360","3","emerging","Room 301B","Ortiz","PS101-3004","[]","tier_2","Amanda","[]","active","69fc96ef098a9219c1d5a8ef","2026-05-07T13:43:11.976000","2026-05-07T13:43:11.976000","69fa0215ff3c784069cea5aa","gauravmehra1984@gmail.com","false"
"false","0","3","none","Room 301A","Morales","PS101-3005","[]","tier_1","Kevin","[]","active","69fc96ef098a9219c1d5a8f0","2026-05-07T13:43:11.976000","2026-05-07T13:43:11.976000","69fa0215ff3c784069cea5aa","gauravmehra1984@gmail.com","false"
"false","0","3","none","Room 301A","Gutierrez","PS101-3006","[]","tier_2","Crystal","[]","active","69fc96ef098a9219c1d5a8f1","2026-05-07T13:43:11.976000","2026-05-07T13:43:11.976000","69fa0215ff3c784069cea5aa","gauravmehra1984@gmail.com","false"
"true","180","3","transitioning","Room 301B","Mendez","PS101-3007","[{""group_size"":12,""service_type"":""ICT"",""provider"":""R. Davis"",""frequency"":""daily""},{""group_size"":3,""service_type"":""Speech"",""provider"":""J. Torres"",""frequency"":""2x/week""}]","tier_2","Damon","[{""details"":null,""accommodation_type"":""extended_time""},{""details"":null,""accommodation_type"":""bilingual_glossary""}]","active","69fc96ef098a9219c1d5a8f2","2026-05-07T13:43:11.976000","2026-05-07T13:43:11.976000","69fa0215ff3c784069cea5aa","gauravmehra1984@gmail.com","false"
"false","0","3","none","Room 301A","Ramirez","PS101-3008","[]","tier_1","Felicia","[]","active","69fc96ef098a9219c1d5a8f3","2026-05-07T13:43:11.976000","2026-05-07T13:43:11.976000","69fa0215ff3c784069cea5aa","gauravmehra1984@gmail.com","false"
"false","0","3","none","Room 301A","Flores","PS101-3009","[]","tier_1","Desmond","[]","active","69fc96ef098a9219c1d5a8f4","2026-05-07T13:43:11.976000","2026-05-07T13:43:11.976000","69fa0215ff3c784069cea5aa","gauravmehra1984@gmail.com","false"
"false","0","3","none","Room 301A","Rivera","PS101-3010","[]","tier_1","Vanessa","[]","active","69fc96ef098a9219c1d5a8f5","2026-05-07T13:43:11.976000","2026-05-07T13:43:11.976000","69fa0215ff3c784069cea5aa","gauravmehra1984@gmail.com","false"
"false","360","3","entering","Room 301B","Washington","PS101-3011","[]","tier_1","Kendrick","[]","active","69fc96ef098a9219c1d5a8f6","2026-05-07T13:43:11.976000","2026-05-07T13:43:11.976000","69fa0215ff3c784069cea5aa","gauravmehra1984@gmail.com","false"
"false","0","3","none","Room 301B","James","PS101-3012","[]","tier_1","Tamara","[]","active","69fc96ef098a9219c1d5a8f7","2026-05-07T13:43:11.976000","2026-05-07T13:43:11.976000","69fa0215ff3c784069cea5aa","gauravmehra1984@gmail.com","false"
"true","0","3","none","Room 301B","Brown","PS101-3013","[{""group_size"":4,""service_type"":""SETSS"",""provider"":""A. Park"",""frequency"":""4x/week""},{""group_size"":5,""service_type"":""Counseling"",""provider"":""T. Brooks"",""frequency"":""1x/week""}]","tier_3","Byron","[{""details"":null,""accommodation_type"":""extended_time""},{""details"":null,""accommodation_type"":""breaks""}]","active","69fc96ef098a9219c1d5a8f8","2026-05-07T13:43:11.976000","2026-05-07T13:43:11.976000","69fa0215ff3c784069cea5aa","gauravmehra1984@gmail.com","false"
"false","0","3","none","Room 301B","Davis","PS101-3014","[]","tier_1","Latasha","[]","active","69fc96ef098a9219c1d5a8f9","2026-05-07T13:43:11.976000","2026-05-07T13:43:11.976000","69fa0215ff3c784069cea5aa","gauravmehra1984@gmail.com","false"
"false","0","2","none","Room 201A","Flores","PS101-2001","[]","tier_1","Carlos","[]","active","69fc96d9098a9219c1d5a8cd","2026-05-07T13:42:49.739000","2026-05-16T23:35:13.649000","69fa0215ff3c784069cea5aa","gauravmehra1984@gmail.com","false"
"false","360","2","entering","Room 201A","Rivera","PS101-2002","[]","tier_1","Destiny","[]","active","69fc96d9098a9219c1d5a8ce","2026-05-07T13:42:49.739000","2026-05-16T23:35:13.674000","69fa0215ff3c784069cea5aa","gauravmehra1984@gmail.com","false"
"true","0","2","none","Room 201A","Bell","PS101-2003","[{""group_size"":4,""service_type"":""SETSS"",""provider"":""A. Park"",""frequency"":""5x/week""}]","tier_3","Marcus","[{""details"":null,""accommodation_type"":""extended_time""},{""details"":null,""accommodation_type"":""scribe""}]","active","69fc96d9098a9219c1d5a8cf","2026-05-07T13:42:49.739000","2026-05-07T13:42:49.739000","69fa0215ff3c784069cea5aa","gauravmehra1984@gmail.com","false"
"false","360","2","emerging","Room 201A","Murphy","PS101-2004","[]","tier_2","Aaliyah","[]","active","69fc96d9098a9219c1d5a8d0","2026-05-07T13:42:49.739000","2026-05-07T13:42:49.739000","69fa0215ff3c784069cea5aa","gauravmehra1984@gmail.com","false"
"false","0","2","none","Room 201A","Cook","PS101-2005","[]","tier_1","Jaylen","[]","active","69fc96d9098a9219c1d5a8d1","2026-05-07T13:42:49.739000","2026-05-07T13:42:49.739000","69fa0215ff3c784069cea5aa","gauravmehra1984@gmail.com","false"
"false","0","2","none","Room 201A","Bailey","PS101-2006","[]","tier_2","Jasmine","[]","active","69fc96d9098a9219c1d5a8d2","2026-05-07T13:42:49.739000","2026-05-07T13:42:49.739000","69fa0215ff3c784069cea5aa","gauravmehra1984@gmail.com","false"
"true","180","2","transitioning","Room 201A","Gonzalez","PS101-2007","[{""group_size"":3,""service_type"":""Speech"",""provider"":""J. Torres"",""frequency"":""3x/week""},{""group_size"":2,""service_type"":""OT"",""provider"":""B. Kim"",""frequency"":""1x/week""}]","tier_3","Andre","[{""details"":null,""accommodation_type"":""extended_time""},{""details"":null,""accommodation_type"":""bilingual_glossary""}]","active","69fc96d9098a9219c1d5a8d3","2026-05-07T13:42:49.739000","2026-05-07T13:42:49.739000","69fa0215ff3c784069cea5aa","gauravmehra1984@gmail.com","false"
"false","0","2","none","Room 201A","Henderson","PS101-2008","[]","tier_1","Tiffany","[]","active","69fc96d9098a9219c1d5a8d4","2026-05-07T13:42:49.739000","2026-05-07T13:42:49.739000","69fa0215ff3c784069cea5aa","gauravmehra1984@gmail.com","false"
"false","0","2","none","Room 201A","Coleman","PS101-2009","[]","tier_1","Darius","[]","active","69fc96d9098a9219c1d5a8d5","2026-05-07T13:42:49.739000","2026-05-07T13:42:49.739000","69fa0215ff3c784069cea5aa","gauravmehra1984@gmail.com","false"
"false","0","2","none","Room 201A","Jenkins","PS101-2010","[]","tier_1","Keisha","[]","active","69fc96d9098a9219c1d5a8d6","2026-05-07T13:42:49.739000","2026-05-07T13:42:49.739000","69fa0215ff3c784069cea5aa","gauravmehra1984@gmail.com","false"
"false","360","2","entering","Room 201B","Perry","PS101-2011","[]","tier_1","Malik","[]","active","69fc96d9098a9219c1d5a8d7","2026-05-07T13:42:49.739000","2026-05-07T13:42:49.739000","69fa0215ff3c784069cea5aa","gauravmehra1984@gmail.com","false"
"false","0","2","none","Room 201B","Powell","PS101-2012","[]","tier_1","Aisha","[]","active","69fc96d9098a9219c1d5a8d8","2026-05-07T13:42:49.739000","2026-05-07T13:42:49.739000","69fa0215ff3c784069cea5aa","gauravmehra1984@gmail.com","false"
"true","0","2","none","Room 201B","Long","PS101-2013","[{""group_size"":5,""service_type"":""SETSS"",""provider"":""M. Thompson"",""frequency"":""3x/week""}]","tier_2","DeShawn","[]","active","69fc96d9098a9219c1d5a8d9","2026-05-07T13:42:49.739000","2026-05-07T13:42:49.739000","69fa0215ff3c784069cea5aa","gauravmehra1984@gmail.com","false"
"false","0","2","none","Room 201B","Patterson","PS101-2014","[]","tier_1","Precious","[]","active","69fc96d9098a9219c1d5a8da","2026-05-07T13:42:49.739000","2026-05-07T13:42:49.739000","69fa0215ff3c784069cea5aa","gauravmehra1984@gmail.com","false"
"false","90","2","expanding","Room 201B","Hughes","PS101-2015","[]","tier_1","Tyrone","[]","active","69fc96d9098a9219c1d5a8db","2026-05-07T13:42:49.739000","2026-05-07T13:42:49.739000","69fa0215ff3c784069cea5aa","gauravmehra1984@gmail.com","false"
"false","0","2","none","Room 201B","Washington","PS101-2016","[]","tier_1","Latoya","[]","active","69fc96d9098a9219c1d5a8dc","2026-05-07T13:42:49.739000","2026-05-07T13:42:49.739000","69fa0215ff3c784069cea5aa","gauravmehra1984@gmail.com","false"
"false","0","2","none","Room 201B","Butler","PS101-2017","[]","tier_2","Terrell","[]","active","69fc96d9098a9219c1d5a8dd","2026-05-07T13:42:49.739000","2026-05-07T13:42:49.739000","69fa0215ff3c784069cea5aa","gauravmehra1984@gmail.com","false"
"false","0","2","none","Room 201B","Simmons","PS101-2018","[]","tier_1","Monique","[]","active","69fc96d9098a9219c1d5a8de","2026-05-07T13:42:49.739000","2026-05-07T13:42:49.739000","69fa0215ff3c784069cea5aa","gauravmehra1984@gmail.com","false"
"false","180","2","transitioning","Room 201B","Foster","PS101-2019","[]","tier_1","Xavier","[]","active","69fc96d9098a9219c1d5a8df","2026-05-07T13:42:49.739000","2026-05-07T13:42:49.739000","69fa0215ff3c784069cea5aa","gauravmehra1984@gmail.com","false"
"true","0","2","none","Room 201B","Gonzales","PS101-2020","[{""group_size"":4,""service_type"":""Counseling"",""provider"":""T. Brooks"",""frequency"":""2x/week""},{""group_size"":4,""service_type"":""SETSS"",""provider"":""A. Park"",""frequency"":""4x/week""}]","tier_3","Dominique","[{""details"":null,""accommodation_type"":""extended_time""},{""details"":null,""accommodation_type"":""breaks""}]","active","69fc96d9098a9219c1d5a8e0","2026-05-07T13:42:49.739000","2026-05-07T13:42:49.739000","69fa0215ff3c784069cea5aa","gauravmehra1984@gmail.com","false"
"false","0","2","none","Room 201A","Bryant","PS101-2021","[]","tier_1","Shaniqua","[]","active","69fc96d9098a9219c1d5a8e1","2026-05-07T13:42:49.739000","2026-05-07T13:42:49.739000","69fa0215ff3c784069cea5aa","gauravmehra1984@gmail.com","false"
"false","0","2","none","Room 201B","Alexander","PS101-2022","[]","tier_1","Raheem","[]","active","69fc96d9098a9219c1d5a8e2","2026-05-07T13:42:49.739000","2026-05-07T13:42:49.739000","69fa0215ff3c784069cea5aa","gauravmehra1984@gmail.com","false"
"false","360","2","entering","Room 201A","Russell","PS101-2023","[]","tier_1","Imani","[]","active","69fc96d9098a9219c1d5a8e3","2026-05-07T13:42:49.739000","2026-05-07T13:42:49.739000","69fa0215ff3c784069cea5aa","gauravmehra1984@gmail.com","false"
"false","0","2","none","Room 201B","Griffin","PS101-2024","[]","tier_1","Kwame","[]","active","69fc96d9098a9219c1d5a8e4","2026-05-07T13:42:49.739000","2026-05-07T13:42:49.739000","69fa0215ff3c784069cea5aa","gauravmehra1984@gmail.com","false"
"false","0","2","none","Room 201A","Diaz","PS101-2025","[]","tier_2","Zara","[]","active","69fc96d9098a9219c1d5a8e5","2026-05-07T13:42:49.739000","2026-05-07T13:42:49.739000","69fa0215ff3c784069cea5aa","gauravmehra1984@gmail.com","false"
"false","0","1","none","Room 101A","Hall","PS101-1001","[]","tier_1","Ryan","[]","active","69fc96c2098a9219c1d5a8a9","2026-05-07T13:42:26.950000","2026-05-15T18:24:16.947000","69fa0215ff3c784069cea5aa","gauravmehra1984@gmail.com","false"
"false","360","1","entering","Room 101A","Allen","PS101-1002","[]","tier_1","Zoe","[]","active","69fc96c2098a9219c1d5a8aa","2026-05-07T13:42:26.950000","2026-05-15T18:24:16.984000","69fa0215ff3c784069cea5aa","gauravmehra1984@gmail.com","false"
"true","0","1","none","Room 101A","Young","PS101-1003","[{""group_size"":4,""service_type"":""SETSS"",""provider"":""M. Thompson"",""frequency"":""5x/week""},{""group_size"":3,""service_type"":""Speech"",""provider"":""J. Torres"",""frequency"":""3x/week""}]","tier_3","Tyler","[{""details"":null,""accommodation_type"":""extended_time""},{""details"":null,""accommodation_type"":""read_aloud""}]","active","69fc96c2098a9219c1d5a8ab","2026-05-07T13:42:26.950000","2026-05-15T18:24:17.009000","69fa0215ff3c784069cea5aa","gauravmehra1984@gmail.com","false"
"false","360","1","emerging","Room 101A","King","PS101-1004","[]","tier_2","Natalie","[]","active","69fc96c2098a9219c1d5a8ac","2026-05-07T13:42:26.950000","2026-05-15T18:24:17.033000","69fa0215ff3c784069cea5aa","gauravmehra1984@gmail.com","false"
"false","0","1","none","Room 101A","Wright","PS101-1005","[]","tier_1","Dylan","[]","active","69fc96c2098a9219c1d5a8ad","2026-05-07T13:42:26.950000","2026-05-15T18:24:17.048000","69fa0215ff3c784069cea5aa","gauravmehra1984@gmail.com","false"
"true","0","1","none","Room 101A","Scott","PS101-1006","[{""group_size"":3,""service_type"":""Speech"",""provider"":""J. Torres"",""frequency"":""2x/week""}]","tier_2","Leah","[]","active","69fc96c2098a9219c1d5a8ae","2026-05-07T13:42:26.950000","2026-05-15T18:24:17.065000","69fa0215ff3c784069cea5aa","gauravmehra1984@gmail.com","false"
"false","0","1","none","Room 101A","Green","PS101-1007","[]","tier_1","Justin","[]","active","69fc96c2098a9219c1d5a8af","2026-05-07T13:42:26.950000","2026-05-15T18:24:17.138000","69fa0215ff3c784069cea5aa","gauravmehra1984@gmail.com","false"
"false","180","1","transitioning","Room 101A","Baker","PS101-1008","[]","tier_1","Kayla","[]","active","69fc96c2098a9219c1d5a8b0","2026-05-07T13:42:26.950000","2026-05-15T18:24:17.157000","69fa0215ff3c784069cea5aa","gauravmehra1984@gmail.com","false"
"false","0","1","none","Room 101A","Adams","PS101-1009","[]","tier_1","Brandon","[]","active","69fc96c2098a9219c1d5a8b1","2026-05-07T13:42:26.950000","2026-05-15T18:24:17.316000","69fa0215ff3c784069cea5aa","gauravmehra1984@gmail.com","false"
"false","0","1","none","Room 101A","Nelson","PS101-1010","[]","tier_2","Alexis","[]","active","69fc96c2098a9219c1d5a8b2","2026-05-07T13:42:26.950000","2026-05-15T18:24:17.368000","69fa0215ff3c784069cea5aa","gauravmehra1984@gmail.com","false"
"false","360","1","entering","Room 101B","Carter","PS101-1011","[]","tier_1","Kyle","[]","active","69fc96c2098a9219c1d5a8b3","2026-05-07T13:42:26.950000","2026-05-15T18:24:17.414000","69fa0215ff3c784069cea5aa","gauravmehra1984@gmail.com","false"
"false","0","1","none","Room 101B","Mitchell","PS101-1012","[]","tier_1","Brianna","[]","active","69fc96c2098a9219c1d5a8b4","2026-05-07T13:42:26.950000","2026-05-15T18:24:17.434000","69fa0215ff3c784069cea5aa","gauravmehra1984@gmail.com","false"
"true","0","1","none","Room 101B","Perez","PS101-1013","[{""group_size"":2,""service_type"":""OT"",""provider"":""B. Kim"",""frequency"":""2x/week""},{""group_size"":5,""service_type"":""SETSS"",""provider"":""A. Park"",""frequency"":""3x/week""}]","tier_3","Jordan","[{""details"":null,""accommodation_type"":""extended_time""},{""details"":null,""accommodation_type"":""separate_location""}]","active","69fc96c2098a9219c1d5a8b5","2026-05-07T13:42:26.950000","2026-05-15T18:24:17.449000","69fa0215ff3c784069cea5aa","gauravmehra1984@gmail.com","false"
"false","0","1","none","Room 101B","Roberts","PS101-1014","[]","tier_1","Taylor","[]","active","69fc96c2098a9219c1d5a8b6","2026-05-07T13:42:26.950000","2026-05-15T18:24:17.465000","69fa0215ff3c784069cea5aa","gauravmehra1984@gmail.com","false"
"false","360","1","emerging","Room 101B","Turner","PS101-1015","[]","tier_1","Morgan","[]","active","69fc96c2098a9219c1d5a8b7","2026-05-07T13:42:26.950000","2026-05-15T18:24:17.485000","69fa0215ff3c784069cea5aa","gauravmehra1984@gmail.com","false"
"false","0","1","none","Room 101B","Phillips","PS101-1016","[]","tier_1","Casey","[]","active","69fc96c2098a9219c1d5a8b8","2026-05-07T13:42:26.950000","2026-05-15T18:24:17.500000","69fa0215ff3c784069cea5aa","gauravmehra1984@gmail.com","false"
"false","0","1","none","Room 101B","Campbell","PS101-1017","[]","tier_2","Jamie","[]","active","69fc96c2098a9219c1d5a8b9","2026-05-07T13:42:26.950000","2026-05-15T18:24:17.518000","69fa0215ff3c784069cea5aa","gauravmehra1984@gmail.com","false"
"false","0","1","none","Room 101B","Parker","PS101-1018","[]","tier_1","Alex","[]","active","69fc96c2098a9219c1d5a8ba","2026-05-07T13:42:26.950000","2026-05-15T18:24:17.545000","69fa0215ff3c784069cea5aa","gauravmehra1984@gmail.com","false"
"false","180","1","transitioning","Room 101B","Evans","PS101-1019","[]","tier_1","Sam","[]","active","69fc96c2098a9219c1d5a8bb","2026-05-07T13:42:26.950000","2026-05-15T18:24:17.557000","69fa0215ff3c784069cea5aa","gauravmehra1984@gmail.com","false"
"true","0","1","none","Room 101B","Edwards","PS101-1020","[{""group_size"":4,""service_type"":""Counseling"",""provider"":""T. Brooks"",""frequency"":""1x/week""}]","tier_2","Riley","[]","active","69fc96c2098a9219c1d5a8bc","2026-05-07T13:42:26.950000","2026-05-15T18:24:17.598000","69fa0215ff3c784069cea5aa","gauravmehra1984@gmail.com","false"
"false","0","1","none","Room 101A","Collins","PS101-1021","[]","tier_1","Peyton","[]","active","69fc96c2098a9219c1d5a8bd","2026-05-07T13:42:26.950000","2026-05-15T18:24:17.625000","69fa0215ff3c784069cea5aa","gauravmehra1984@gmail.com","false"
"false","0","1","none","Room 101B","Stewart","PS101-1022","[]","tier_1","Drew","[]","active","69fc96c2098a9219c1d5a8be","2026-05-07T13:42:26.950000","2026-05-15T18:24:17.638000","69fa0215ff3c784069cea5aa","gauravmehra1984@gmail.com","false"
"false","360","1","entering","Room 101A","Sanchez","PS101-1023","[]","tier_1","Avery","[]","active","69fc96c2098a9219c1d5a8bf","2026-05-07T13:42:26.950000","2026-05-15T18:24:17.743000","69fa0215ff3c784069cea5aa","gauravmehra1984@gmail.com","false"
"false","0","1","none","Room 101B","Morris","PS101-1024","[]","tier_1","Reese","[]","active","69fc96c2098a9219c1d5a8c0","2026-05-07T13:42:26.950000","2026-05-15T18:24:17.766000","69fa0215ff3c784069cea5aa","gauravmehra1984@gmail.com","false"
"false","0","1","none","Room 101A","Rogers","PS101-1025","[]","tier_2","Bailey","[]","active","69fc96c2098a9219c1d5a8c1","2026-05-07T13:42:26.950000","2026-05-15T18:24:17.787000","69fa0215ff3c784069cea5aa","gauravmehra1984@gmail.com","false"
"false","0","K","none","Room K-1","Chen","PS101-K001","[]","tier_1","Emma","[]","active","69fc96ae098a9219c1d5a884","2026-05-07T13:42:06.962000","2026-05-15T18:22:44.287000","69fa0215ff3c784069cea5aa","gauravmehra1984@gmail.com","false"
"false","360","K","entering","Room K-1","Santos","PS101-K002","[]","tier_1","Liam","[]","active","69fc96ae098a9219c1d5a885","2026-05-07T13:42:06.962000","2026-05-15T18:22:44.323000","69fa0215ff3c784069cea5aa","gauravmehra1984@gmail.com","false"
"true","0","K","none","Room K-1","Rivera","PS101-K003","[{""group_size"":3,""service_type"":""Speech"",""provider"":""J. Torres"",""frequency"":""2x/week""}]","tier_2","Sofia","[]","active","69fc96ae098a9219c1d5a886","2026-05-07T13:42:06.962000","2026-05-15T18:22:44.552000","69fa0215ff3c784069cea5aa","gauravmehra1984@gmail.com","false"
"false","0","K","none","Room K-1","Williams","PS101-K004","[]","tier_1","Noah","[]","active","69fc96ae098a9219c1d5a887","2026-05-07T13:42:06.962000","2026-05-15T18:22:44.694000","69fa0215ff3c784069cea5aa","gauravmehra1984@gmail.com","false"
"false","360","K","emerging","Room K-1","Garcia","PS101-K005","[]","tier_1","Isabella","[]","active","69fc96ae098a9219c1d5a888","2026-05-07T13:42:06.962000","2026-05-15T18:22:44.835000","69fa0215ff3c784069cea5aa","gauravmehra1984@gmail.com","false"
"false","0","K","none","Room K-2","Lee","PS101-K006","[]","tier_1","Mason","[]","active","69fc96ae098a9219c1d5a889","2026-05-07T13:42:06.962000","2026-05-15T18:22:44.975000","69fa0215ff3c784069cea5aa","gauravmehra1984@gmail.com","false"
"true","0","K","none","Room K-2","Martinez","PS101-K007","[{""group_size"":2,""service_type"":""OT"",""provider"":""B. Kim"",""frequency"":""1x/week""}]","tier_2","Ava","[]","active","69fc96ae098a9219c1d5a88a","2026-05-07T13:42:06.962000","2026-05-15T18:22:45.556000","69fa0215ff3c784069cea5aa","gauravmehra1984@gmail.com","false"
"false","0","K","none","Room K-2","Thompson","PS101-K008","[]","tier_1","Ethan","[]","active","69fc96ae098a9219c1d5a88b","2026-05-07T13:42:06.962000","2026-05-15T18:22:45.574000","69fa0215ff3c784069cea5aa","gauravmehra1984@gmail.com","false"
"false","360","K","entering","Room K-2","Nguyen","PS101-K009","[]","tier_1","Mia","[]","active","69fc96ae098a9219c1d5a88c","2026-05-07T13:42:06.962000","2026-05-15T18:22:45.585000","69fa0215ff3c784069cea5aa","gauravmehra1984@gmail.com","false"
"false","0","K","none","Room K-2","Kim","PS101-K010","[]","tier_1","Lucas","[]","active","69fc96ae098a9219c1d5a88d","2026-05-07T13:42:06.962000","2026-05-15T18:22:45.595000","69fa0215ff3c784069cea5aa","gauravmehra1984@gmail.com","false"
"false","0","K","none","Room K-1","Johnson","PS101-K011","[]","tier_1","Charlotte","[]","active","69fc96ae098a9219c1d5a88e","2026-05-07T13:42:06.962000","2026-05-15T18:22:45.666000","69fa0215ff3c784069cea5aa","gauravmehra1984@gmail.com","false"
"true","0","K","none","Room K-1","Davis","PS101-K012","[{""group_size"":4,""service_type"":""SETSS"",""provider"":""M. Thompson"",""frequency"":""3x/week""},{""group_size"":2,""service_type"":""Speech"",""provider"":""J. Torres"",""frequency"":""2x/week""}]","tier_3","Aiden","[{""details"":""1.5x time on all assessments"",""accommodation_type"":""extended_time""},{""details"":""Small group or individual room"",""accommodation_type"":""separate_location""}]","active","69fc96ae098a9219c1d5a88f","2026-05-07T13:42:06.962000","2026-05-15T18:22:45.794000","69fa0215ff3c784069cea5aa","gauravmehra1984@gmail.com","false"
"false","0","K","none","Room K-2","Wilson","PS101-K013","[]","tier_1","Ella","[]","active","69fc96ae098a9219c1d5a890","2026-05-07T13:42:06.962000","2026-05-15T18:22:45.922000","69fa0215ff3c784069cea5aa","gauravmehra1984@gmail.com","false"
"false","360","K","emerging","Room K-2","Moore","PS101-K014","[]","tier_2","Jackson","[]","active","69fc96ae098a9219c1d5a891","2026-05-07T13:42:06.962000","2026-05-15T18:22:46.068000","69fa0215ff3c784069cea5aa","gauravmehra1984@gmail.com","false"
"false","0","K","none","Room K-1","Taylor","PS101-K015","[]","tier_1","Scarlett","[]","active","69fc96ae098a9219c1d5a892","2026-05-07T13:42:06.962000","2026-05-15T18:22:46.107000","69fa0215ff3c784069cea5aa","gauravmehra1984@gmail.com","false"
"false","0","K","none","Room K-1","Anderson","PS101-K016","[]","tier_1","James","[]","active","69fc96ae098a9219c1d5a893","2026-05-07T13:42:06.962000","2026-05-15T18:22:46.192000","69fa0215ff3c784069cea5aa","gauravmehra1984@gmail.com","false"
"false","0","K","none","Room K-2","Thomas","PS101-K017","[]","tier_1","Lily","[]","active","69fc96ae098a9219c1d5a894","2026-05-07T13:42:06.962000","2026-05-15T18:22:46.308000","69fa0215ff3c784069cea5aa","gauravmehra1984@gmail.com","false"
"false","180","K","transitioning","Room K-2","Harris","PS101-K018","[]","tier_1","Oliver","[]","active","69fc96ae098a9219c1d5a895","2026-05-07T13:42:06.962000","2026-05-15T18:22:46.321000","69fa0215ff3c784069cea5aa","gauravmehra1984@gmail.com","false"
"false","0","K","none","Room K-1","Jackson","PS101-K019","[]","tier_1","Zoey","[]","active","69fc96ae098a9219c1d5a896","2026-05-07T13:42:06.962000","2026-05-15T18:22:46.361000","69fa0215ff3c784069cea5aa","gauravmehra1984@gmail.com","false"
"false","0","K","none","Room K-2","White","PS101-K020","[]","tier_2","Elijah","[]","active","69fc96ae098a9219c1d5a897","2026-05-07T13:42:06.962000","2026-05-15T18:22:46.399000","69fa0215ff3c784069cea5aa","gauravmehra1984@gmail.com","false"
"false","0","K","none","Room K-1","Lopez","PS101-K021","[]","tier_1","Grace","[]","active","69fc96ae098a9219c1d5a898","2026-05-07T13:42:06.962000","2026-05-15T18:22:46.442000","69fa0215ff3c784069cea5aa","gauravmehra1984@gmail.com","false"
"false","0","K","none","Room K-2","Clark","PS101-K022","[]","tier_1","William","[]","active","69fc96ae098a9219c1d5a899","2026-05-07T13:42:06.962000","2026-05-15T18:22:46.485000","69fa0215ff3c784069cea5aa","gauravmehra1984@gmail.com","false"
"false","360","K","entering","Room K-1","Rodriguez","PS101-K023","[]","tier_1","Chloe","[]","active","69fc96ae098a9219c1d5a89a","2026-05-07T13:42:06.962000","2026-05-15T18:22:46.574000","69fa0215ff3c784069cea5aa","gauravmehra1984@gmail.com","false"
"false","0","K","none","Room K-2","Lewis","PS101-K024","[]","tier_1","Benjamin","[]","active","69fc96ae098a9219c1d5a89b","2026-05-07T13:42:06.962000","2026-05-15T18:22:46.592000","69fa0215ff3c784069cea5aa","gauravmehra1984@gmail.com","false"
"true","0","K","none","Room K-1","Walker","PS101-K025","[{""group_size"":3,""service_type"":""OT"",""provider"":""B. Kim"",""frequency"":""2x/week""}]","tier_2","Hannah","[]","active","69fc96ae098a9219c1d5a89c","2026-05-07T13:42:06.962000","2026-05-15T18:22:46.610000","69fa0215ff3c784069cea5aa","gauravmehra1984@gmail.com","false"